"javax.faces.component.UIPanel@165a5fe0","State","Covered Entity Type","Individuals Affected","Breach Submission Date","Type of Breach","Location of Breached Information","javax.faces.component.UIPanel@7b1f7a23","Web Description"
"Erlanger Health","TN","Healthcare Provider","4237","07/01/2026","Unauthorized Access/Disclosure","Electronic Medical Record","No",""
"Wisconsin Department of Health Services","WI","Health Plan","8157","07/01/2026","Unauthorized Access/Disclosure","Paper/Films","No",""
"Virta Health ","CO","Business Associate","602","06/30/2026","Hacking/IT Incident","Network Server","Yes",""
"Community Health Center of Buffalo Inc.","NY","Healthcare Provider","501","06/19/2026","Hacking/IT Incident","Network Server","No",""
"Columbia Orthopaedic Group ","MO","Healthcare Provider","500","06/18/2026","Hacking/IT Incident","Network Server","No",""
"Family Health Centers of Southern Indiana","IL","Healthcare Provider","7117","06/18/2026","Hacking/IT Incident","Network Server","No",""
"Blue Fish Pediatrics ","TX","Healthcare Provider","62150","06/17/2026","Hacking/IT Incident","Network Server","No",""
"Aitkin County Health and Human Services","MN","Business Associate","83114","06/17/2026","Hacking/IT Incident","Email","Yes",""
"Gail J May Ltd d/b/a/ Insight Optical","IL","Healthcare Provider","501","06/16/2026","Hacking/IT Incident","Network Server","Yes",""
"Decatur Diagnostic Laboratory Inc.","AL","Healthcare Provider","500","06/16/2026","Hacking/IT Incident","Network Server","No",""
"Ohio Living","OH","Healthcare Provider","500","06/12/2026","Hacking/IT Incident","Network Server","No",""
"Clinical Registry Solutions","NY","Business Associate","8545","06/12/2026","Hacking/IT Incident","Network Server","Yes",""
"Chickasaw Nation Department of Health","OK","Healthcare Provider","1607","06/11/2026","Unauthorized Access/Disclosure","Electronic Medical Record","No",""
"Open Arms Care Corporation","TN","Healthcare Provider","893","06/11/2026","Hacking/IT Incident","Email","No",""
"Dr. Erick Perroud","MI","Healthcare Provider","7692","06/10/2026","Hacking/IT Incident","Network Server","No",""
"Trinity Health System","MI","Business Associate","2480","06/10/2026","Unauthorized Access/Disclosure","Email","Yes",""
"Monaco & Associates Incorporated","KS","Healthcare Provider","534","06/09/2026","Hacking/IT Incident","Network Server","No",""
"Lutheran Home for the Aged ","MO","Healthcare Provider","2311","06/08/2026","Hacking/IT Incident","Network Server","No",""
"Sturdy Health, Inc.","MA","Healthcare Provider","1006","06/05/2026","Hacking/IT Incident","Email","No",""
"UnitedHealth Care Services, Inc. Single Affiliated Covered Entity","CT","Health Plan","34574","06/05/2026","Hacking/IT Incident","Network Server","No",""
"Signature Healthcare Corporation","MA","Healthcare Provider","500","06/05/2026","Hacking/IT Incident","Network Server","No",""
"Minnesota Epilepsy Group, P.A.","MN","Healthcare Provider","80061","06/05/2026","Hacking/IT Incident","Network Server","No",""
"Xsolis, Inc.","TN","Business Associate","1396519","06/05/2026","Hacking/IT Incident","Network Server","Yes",""
"MVP VIP Holdco dba Heart of America Eye Care","MO","Healthcare Provider","500","06/05/2026","Hacking/IT Incident","Network Server","No",""
"Gay & Lesbian Community Services Center of Orange County, Inc.","CA","Healthcare Provider","75532","06/05/2026","Hacking/IT Incident","Network Server","No",""
"McLeod Physician Associates II","SC","Healthcare Provider","19553","06/04/2026","Hacking/IT Incident","Network Server","No",""
"City of Middletown","OH","Healthcare Provider","20608","06/03/2026","Hacking/IT Incident","Network Server","No",""
"Amicus Solutions, Inc. (additional related entities may be impacted, the names of which are available upon request)","SC","Business Associate","1137","06/03/2026","Hacking/IT Incident","Electronic Medical Record, Network Server","Yes",""
"All About Women's Care","CO","Healthcare Provider","12000","06/03/2026","Hacking/IT Incident","Network Server","No",""
"Henry Rossi & Company, LLP","PA","Business Associate","2720","06/02/2026","Hacking/IT Incident","Network Server","Yes",""
"Waveny LifeCare Network, Inc.","CT","Healthcare Provider","27113","06/02/2026","Hacking/IT Incident","Network Server","No",""
"JASON R EGBERT OD PC","WA","Healthcare Provider","1225","06/02/2026","Hacking/IT Incident","Network Server","Yes",""
"Medenet Inc.","FL","Business Associate","1387","06/01/2026","Hacking/IT Incident","Network Server","Yes",""
"United Medical Doctors","CA","Healthcare Provider","501","05/29/2026","Hacking/IT Incident","Network Server","No",""
"Campbell University","NC","Healthcare Provider","500","05/29/2026","Hacking/IT Incident","Network Server","No",""
"Carlyle Senior Care Management Company, Inc.","SC","Business Associate","4060","05/27/2026","Hacking/IT Incident","Network Server","Yes",""
"ERMI LLC","GA","Healthcare Provider","74074","05/26/2026","Hacking/IT Incident","Email","No",""
"Virta Medical PC ","CO","Healthcare Provider","14636","05/23/2026","Hacking/IT Incident","Network Server","No",""
"Nottingham Village","PA","Healthcare Provider","5240","05/22/2026","Hacking/IT Incident","Network Server","No",""
"Oakwood Lutheran Senior Ministries, Inc.","WI","Healthcare Provider","1080","05/22/2026","Hacking/IT Incident","Email","No",""
"Southern Illinois Ob-Gyn Associates, S.C.  ","IL","Healthcare Provider","38700","05/22/2026","Hacking/IT Incident","Network Server","No",""
"Acadia Healthcare Company, Inc","TN","Business Associate","1807","05/22/2026","Hacking/IT Incident","Email","Yes",""
"South Florida Injury Centers, Inc.","FL","Healthcare Provider","1525","05/22/2026","Hacking/IT Incident","Network Server","No",""
"Equinix Incorporated Group Health and Welfare Benefit Plan","CA","Health Plan","677","05/22/2026","Hacking/IT Incident","Network Server","Yes",""
"Gastro Health","FL","Healthcare Provider","1628","05/22/2026","Hacking/IT Incident","Email","No",""
"Gastro Health","FL","Healthcare Provider","35632","05/22/2026","Hacking/IT Incident","Email","No",""
"AUTOAPS LLC","CA","Business Associate","1591","05/22/2026","Hacking/IT Incident","Network Server","Yes",""
"Ira L. Savetsky, MD PLLC","NY","Healthcare Provider","564","05/21/2026","Hacking/IT Incident","Email","No",""
"Coastal Carolina Centers of Urology and Surgery, LLC","SC","Healthcare Provider","2886","05/21/2026","Hacking/IT Incident","Network Server","No",""
"Defense Health Agency (TriWest)","VA","Health Plan","11848","05/21/2026","Hacking/IT Incident","Network Server","Yes",""
"Regence","OR","Health Plan","2856","05/21/2026","Hacking/IT Incident","Network Server","No",""
"Radiology Associates of Richmond","VA","Healthcare Provider","266183","05/21/2026","Hacking/IT Incident","Network Server","No",""
"Southwest Behavioral Health Services.org","AZ","Healthcare Provider","2316","05/20/2026","Hacking/IT Incident","Email","No",""
"Singing River Health System","MS","Healthcare Provider","53888","05/19/2026","Hacking/IT Incident","Network Server","No",""
"Eyemart Express, LLC","TX","Healthcare Provider","25000","05/18/2026","Hacking/IT Incident","Network Server","No",""
"Community Connections","DC","Healthcare Provider","18943","05/18/2026","Hacking/IT Incident","Network Server","No",""
"Greenbaum Rowe Smith & Davis LLP","NJ","Business Associate","12801","05/18/2026","Hacking/IT Incident","Network Server","Yes",""
"Centers for Dialysis Care","OH","Healthcare Provider","8000","05/15/2026","Hacking/IT Incident","Network Server","No",""
"Lumexa Imaging","NC","Healthcare Provider","2994","05/15/2026","Hacking/IT Incident","Network Server","No",""
"Liberty Solutions, Inc. ","NY","Business Associate","7329","05/15/2026","Unauthorized Access/Disclosure","Network Server","Yes",""
"NJ Pain Care Specialists, LLC","NJ","Healthcare Provider","501","05/14/2026","Hacking/IT Incident","Network Server","No",""
"Bridle Trails Family Dentistry","WA","Healthcare Provider","20976","05/14/2026","Hacking/IT Incident","Email","No",""
"Pivot Health ","FL","Business Associate","5864","05/13/2026","Hacking/IT Incident","Network Server","Yes",""
"Ocelot Ventures, LLC dba Excelas","OH","Business Associate","2275","05/12/2026","Hacking/IT Incident","Network Server","Yes",""
"Adams County Memorial Hospital","IN","Healthcare Provider","5305","05/11/2026","Hacking/IT Incident","Email","No",""
"Saurabh N. Patel, M.D – Florida Retina Center","LA","Healthcare Provider","13652","05/11/2026","Hacking/IT Incident","Network Server","No",""
"ViaQuest Psychiatric & Behavioral Solutions, LLC","OH","Healthcare Provider","6420","05/08/2026","Hacking/IT Incident","Network Server","No",""
"Palomar Health Medical Group","CA","Healthcare Provider","501","05/08/2026","Hacking/IT Incident","Network Server","Yes",""
"Bronsky Orthodontics ","NY","Healthcare Provider","3183","05/08/2026","Hacking/IT Incident","Email","No",""
"Verber Dental Group PC","NY","Healthcare Provider","8598","05/08/2026","Hacking/IT Incident","Network Server","No",""
"Sanger Skilled Care, LLC dba Cornerstone Care Center","CA","Healthcare Provider","1510","05/07/2026","Hacking/IT Incident","Electronic Medical Record, Network Server","No",""
"Passaic County, New Jersey","NJ","Business Associate","1109","05/05/2026","Hacking/IT Incident","Network Server","Yes",""
"Aroostook Mental Health Center","ME","Healthcare Provider","501","05/05/2026","Hacking/IT Incident","Network Server","No",""
"IKRON Corporation","OH","Healthcare Provider","11845","05/04/2026","Hacking/IT Incident","Electronic Medical Record, Network Server","No",""
"BAYADA Home Health Care, Inc.","NJ","Healthcare Provider","500","05/04/2026","Hacking/IT Incident","Network Server","No",""
"Western Orthopaedics, P.C.","CO","Healthcare Provider","113330","05/01/2026","Hacking/IT Incident","Network Server","No",""
"Integrated Pain Associates","TX","Healthcare Provider","500","05/01/2026","Hacking/IT Incident","Network Server","No",""
"CUNNINGHAM PROSTHETIC CARE LLC","ME","Healthcare Provider","2523","05/01/2026","Hacking/IT Incident","Email","No",""
"NCH Corporation Employee Benefits Plan","TX","Health Plan","4055","05/01/2026","Hacking/IT Incident","Network Server","No",""
"University of Michigan/Michigan Medicine","MI","Healthcare Provider","551","05/01/2026","Unauthorized Access/Disclosure","Electronic Medical Record","No",""
"Capitol Pain Institute    ","CO","Healthcare Provider","695","05/01/2026","Hacking/IT Incident","Email","No",""
"Mt. Spokane Pediatrics","WA","Healthcare Provider","32021","04/30/2026","Hacking/IT Incident","Network Server","No",""
"Totem Lake Family Dentistry","WA","Healthcare Provider","3464","04/30/2026","Hacking/IT Incident","Email","No",""
"Northwoods Surgery Center","MN","Healthcare Provider","5385","04/29/2026","Hacking/IT Incident","Network Server","No",""
"Tri-Cities Gastroenterology","TN","Healthcare Provider","67115","04/29/2026","Hacking/IT Incident","Network Server","No",""
"FMRS Health Systems, Inc.","WV","Healthcare Provider","500","04/28/2026","Hacking/IT Incident","Network Server","No",""
"C2N Diagnostics, LLC ","MO","Healthcare Provider","2027","04/27/2026","Hacking/IT Incident","Email","No",""
"Hematology Oncology Consultants","MI","Healthcare Provider","62972","04/24/2026","Hacking/IT Incident","Network Server","No",""
"Florida Physician Specialists","FL","Healthcare Provider","276498","04/24/2026","Hacking/IT Incident","Network Server","No",""
"GrayRobinson, P.A.","FL","Business Associate","54131","04/24/2026","Hacking/IT Incident","Network Server","Yes",""
"Aldrich Pediatric Dentistry","IN","Healthcare Provider","5900","04/24/2026","Hacking/IT Incident","Email","No",""
"Stewart Home & School","KY","Healthcare Provider","3677","04/23/2026","Hacking/IT Incident","Email, Network Server","No",""
"Belmont Aesthetic and Reconstructive Plastic Surgery","VA","Healthcare Provider","528","04/23/2026","Hacking/IT Incident","Network Server","No",""
"Laurel Eye Clinic","PA","Healthcare Provider","145221","04/22/2026","Hacking/IT Incident","Network Server","No",""
"Harbor Developmental Disabilities Foundation (d/b/a Harbor Regional Center)","CA","Business Associate","2287","04/22/2026","Hacking/IT Incident","Network Server","Yes",""
"Spokane Digestive Disease Center, P.S. ","WA","Healthcare Provider","501","04/20/2026","Hacking/IT Incident","Email","No",""
"Prime Care 12 Priority Health","WV","Healthcare Provider","1000","04/20/2026","Hacking/IT Incident","Network Server","No",""
"ASC Ortho Management Company, LLC  d/b/a Aligned Orthopedic Partners ","MD","Healthcare Provider","7213","04/17/2026","Hacking/IT Incident","Email","No",""
"Bayside Dental","WA","Healthcare Provider","10216","04/17/2026","Hacking/IT Incident","Network Server","No",""
"University of Nebraska Medical Center","NE","Healthcare Provider","26937","04/17/2026","Hacking/IT Incident","Network Server","No",""
"Innovative Scientific Solutions, LLC","SC","Healthcare Provider","143842","04/17/2026","Hacking/IT Incident","Network Server","No",""
"NJ Division of Developmental Disabilities - Hunterdon Developmental Center","NJ","Healthcare Provider","807","04/17/2026","Unauthorized Access/Disclosure","Network Server","No",""
"Mazzola Mardon, P.C.","NY","Business Associate","2123","04/15/2026","Hacking/IT Incident","Network Server","Yes",""
"City Health, a medical corporation","CA","Healthcare Provider","65000","04/14/2026","Unauthorized Access/Disclosure","Electronic Medical Record","No",""
"Defense Health Agency","VA","Health Plan","1300","04/14/2026","Unauthorized Access/Disclosure","Email","Yes",""
"Springfield Hospital ","VT","Healthcare Provider","5892","04/10/2026","Hacking/IT Incident","Email","No",""
"CARE Clinic","MN","Healthcare Provider","500","04/10/2026","Hacking/IT Incident","Email","No",""
"CardioFit Medical Group, Inc.","CA","Healthcare Provider","7243","04/09/2026","Unauthorized Access/Disclosure","Email","No",""
"Heart South Cardiovascular Group","AL","Healthcare Provider","46666","04/06/2026","Hacking/IT Incident","Network Server","No",""
"Hospital Caribbean Medical Center","","Healthcare Provider","92000","04/06/2026","Hacking/IT Incident","Network Server","No",""
"Shore Gardens Rehabilitation and Nursing Center, LLC","PA","Healthcare Provider","755","04/06/2026","Hacking/IT Incident","Network Server","No",""
"Option Care Health, Inc. ","IL","Healthcare Provider","1891","04/06/2026","Hacking/IT Incident","Email","No",""
"Grandview Family Medicine ","UT","Healthcare Provider","13310","04/06/2026","Hacking/IT Incident","Network Server","No",""
"LifeSpring Home Care","OK","Healthcare Provider","7509","04/06/2026","Hacking/IT Incident","Network Server, Other","Yes",""
"Rocky Mountain Associated Physicians, P.C. ","UT","Healthcare Provider","50640","04/03/2026","Hacking/IT Incident","Network Server","No",""
"Village Heart Seller, PC d/b/a Village Heart & Vein Center ","FL","Healthcare Provider","687","04/03/2026","Hacking/IT Incident","Email","No",""
"Southern Illinois Dermatology ","IL","Healthcare Provider","160312","04/02/2026","Hacking/IT Incident","Network Server","No",""
"Interventional Pain Center, PLLC","TN","Healthcare Provider","3171","03/31/2026","Hacking/IT Incident","Email","No",""
"Waterford Surgical Center","MI","Healthcare Provider","9000","03/30/2026","Hacking/IT Incident","Network Server","No",""
"J. Arthur Trudeau Memorial Center ","RI","Healthcare Provider","5630","03/30/2026","Hacking/IT Incident","Network Server","No",""
"Austin Plastic and Reconstructive Surgery ","TX","Healthcare Provider","4266","03/30/2026","Hacking/IT Incident","Network Server","No",""
"Healthcare In Action","CA","Healthcare Provider","1143","03/30/2026","Hacking/IT Incident","Email, Other","No",""
"Nacogdoches Memorial Hospital n","TX","Healthcare Provider","2507073","03/30/2026","Hacking/IT Incident","Network Server","No",""
"Town of Apex, North Carolina","NC","Health Plan","970","03/30/2026","Hacking/IT Incident","Network Server","No",""
"Lumio Dental","OK","Business Associate","500","03/29/2026","Hacking/IT Incident","Network Server, Other","Yes",""
"University Medical Center of Southern Nevada","NV","Healthcare Provider","1221","03/28/2026","Unauthorized Access/Disclosure","Electronic Medical Record, Other","No",""
"Glendora Surgery Center","CA","Healthcare Provider","501","03/27/2026","Hacking/IT Incident","Network Server","No",""
"Erie Family Health Centers ","IL","Healthcare Provider","570000","03/27/2026","Hacking/IT Incident","Network Server","No",""
"Rocky Mountain Care","UT","Business Associate","500","03/27/2026","Hacking/IT Incident","Network Server","Yes",""
"Proxycare, Inc.","FL","Healthcare Provider","45196","03/27/2026","Hacking/IT Incident","Network Server","No",""
"CORPORACION DE SERVICIOS MEDICOS PRIMARIOS Y PREVENCION DE HATILLO","","Healthcare Provider","24236","03/26/2026","Hacking/IT Incident","Network Server","No",""
"Medi-Rents & Sales, Inc.","MD","Healthcare Provider","1524","03/25/2026","Hacking/IT Incident","Email","No",""
"Clarinda Regional Health Center","IA","Healthcare Provider","24341","03/25/2026","Hacking/IT Incident","Network Server","No",""
"New York City Health and Hospitals Corporation","NY","Healthcare Provider","1800000","03/24/2026","Hacking/IT Incident","Network Server","No",""
"Coastal Carolina Health Care, PA","NC","Healthcare Provider","110304","03/24/2026","Hacking/IT Incident","Network Server","No",""
"Secure Health Plans of Georgia, LLC","GA","Business Associate","501","03/23/2026","Hacking/IT Incident","Network Server","Yes",""
"Rosch Visionary Systems, Inc.","NY","Business Associate","500","03/23/2026","Hacking/IT Incident","Network Server","Yes",""
"Mays Housecall Home Health, Inc.","TX","Healthcare Provider","5208","03/21/2026","Hacking/IT Incident","Network Server, Other","Yes",""
"Complete Eye Care dba Orem Eye Clinic","UT","Healthcare Provider","5800","03/19/2026","Hacking/IT Incident","Network Server, Other","No",""
"New Horizons Behavioral Health","GA","Healthcare Provider","500","03/18/2026","Hacking/IT Incident","Network Server","No",""
"Stockton Cardiology Medical Group","CA","Healthcare Provider","90000","03/18/2026","Hacking/IT Incident","Network Server","No",""
"Navia Benefit Solutions, Inc. ","WA","Business Associate","2151330","03/18/2026","Hacking/IT Incident","Network Server, Other","Yes",""
"The South Alabama Regional Planning Commission","AL","Business Associate","3043","03/18/2026","Hacking/IT Incident","Network Server","Yes",""
"OpenLoop Health, Inc. ","IA","Business Associate","716000","03/17/2026","Hacking/IT Incident","Network Server","Yes",""
"Coastal Skin Surgery & Dermatology","FL","Healthcare Provider","6173","03/17/2026","Hacking/IT Incident","Network Server","Yes",""
"Good Samaritan Health Center ","GA","Healthcare Provider","10000","03/16/2026","Hacking/IT Incident","Network Server","No",""
"Renovo Chiropractic & Wellness","WA","Healthcare Provider","538","03/16/2026","Theft","Other, Paper/Films","No",""
"UPMC","PA","Healthcare Provider","687","03/14/2026","Unauthorized Access/Disclosure","Other","No",""
"Georgia Vascual Specialists PC","GA","Healthcare Provider","600","03/13/2026","Hacking/IT Incident","Network Server","No",""
"Trinity Health","MI","Business Associate","2740","03/13/2026","Unauthorized Access/Disclosure","Electronic Medical Record","Yes",""
"Bloom Circle, Inc. d/b/a Lena Health","TX","Business Associate","3651","03/13/2026","Hacking/IT Incident","Network Server","Yes",""
"MedPeds Associates of Sarasota","FL","Healthcare Provider","22017","03/13/2026","Hacking/IT Incident","Network Server","No",""
"East Carolina Anesthesia Associates","NC","Healthcare Provider","19408","03/12/2026","Hacking/IT Incident","Network Server","No",""
"Team Select ","AZ","Healthcare Provider","949","03/12/2026","Hacking/IT Incident","Network Server, Other","Yes",""
"illumifin Corporation","MN","Business Associate","5385","03/10/2026","Hacking/IT Incident","Network Server","Yes",""
"Delta Medical Systems","WI","Business Associate","1574","03/10/2026","Hacking/IT Incident","Email","Yes",""
"Community Health Action of Staten Island","NY","Healthcare Provider","501","03/09/2026","Hacking/IT Incident","Email","No",""
"Tampa Bay Dental Implants & Periodontics","FL","Healthcare Provider","6400","03/08/2026","Hacking/IT Incident","Electronic Medical Record, Network Server","No",""
"Saint Anthony Hospital","IL","Healthcare Provider","146108","03/06/2026","Hacking/IT Incident","Email","No",""
"Barrio Comprehensive Family Health Care Center ","TX","Healthcare Provider","19971","03/06/2026","Hacking/IT Incident","Email","No",""
"County of Murray dba Murray County Medical Center","MN","Healthcare Provider","5073","03/06/2026","Hacking/IT Incident","Email","No",""
"North Texas Behavioral Health Authority","TX","Healthcare Provider","285086","03/06/2026","Hacking/IT Incident","Network Server","No",""
"Exclusive Physicians PLLC","MI","Healthcare Provider","58000","03/06/2026","Hacking/IT Incident","Network Server","No",""
"Cedar Valley Hospice ","IA","Healthcare Provider","10666","03/06/2026","Hacking/IT Incident","Network Server","No",""
"Tieu Dental Corporation ","CA","Healthcare Provider","8918","03/05/2026","Hacking/IT Incident","Network Server","No",""
"Longevity Health Plan","FL","Health Plan","15000","03/04/2026","Hacking/IT Incident","Network Server","Yes",""
"Kin Counseling Services PLLC","CO","Healthcare Provider","500","03/02/2026","Hacking/IT Incident","Email","No",""
"Houston Dermatology Specialists","TX","Business Associate","648","03/02/2026","Hacking/IT Incident","Network Server","Yes",""
"Access Information Management Shared Services, LLC","MA","Business Associate","1522","02/28/2026","Hacking/IT Incident","Other","Yes",""
"Insurance ACE/Humana Inc.","KY","Health Plan","1000","02/28/2026","Hacking/IT Incident","Network Server","Yes",""
"Lakeside Pediatrics & Adolescent Medicine, PLLC","ID","Healthcare Provider","34154","02/27/2026","Hacking/IT Incident","Network Server","No",""
"IPPC Inc., IPPC of New York LLC, and Innovative Pharmacy LLC (collectively “IPPC”)","NJ","Healthcare Provider","133862","02/27/2026","Hacking/IT Incident","Network Server","No",""
"Nephrology Associates Medical Group, Inc","CA","Healthcare Provider","4631","02/27/2026","Hacking/IT Incident","Email","No",""
"Manhattan Retirement Foundation d/b/a Meadowlark Hills","KS","Healthcare Provider","14442","02/26/2026","Hacking/IT Incident","Network Server","No",""
"Orthopaedic Specialists of Massachusetts, PC ","MA","Healthcare Provider","20659","02/26/2026","Hacking/IT Incident","Network Server","No",""
"BMG of Kansas, Inc.","KS","Health Plan","1327","02/26/2026","Hacking/IT Incident","Network Server","No",""
"AltaMed Health Services Corporation","CA","Healthcare Provider","501","02/26/2026","Hacking/IT Incident","Network Server","No",""
"Couve Healthcare Consulting, LLC DBA Evergreen Healthcare Group","WA","Business Associate","11795","02/24/2026","Hacking/IT Incident","Electronic Medical Record","Yes",""
"Weill Cornell Medicine","NY","Healthcare Provider","516","02/23/2026","Unauthorized Access/Disclosure","Electronic Medical Record","No",""
"QualDerm Partners, LLC","TN","Healthcare Provider","3117874","02/22/2026","Hacking/IT Incident","Network Server","No",""
"Option Care Health, Inc. ","IL","Healthcare Provider","2086","02/20/2026","Hacking/IT Incident","Email","No",""
"Perseus House, Inc.","PA","Healthcare Provider","969","02/20/2026","Hacking/IT Incident","Network Server","No",""
"The Center for Advanced Eye Care","ME","Healthcare Provider","9300","02/20/2026","Hacking/IT Incident","Network Server, Other","No",""
"VNS Behavioral Health Inc. (“VNS Health”)","NY","Healthcare Provider","739","02/18/2026","Hacking/IT Incident","Email","No",""
"Builders FirstSource Flex Plan","TX","Health Plan","1514","02/18/2026","Hacking/IT Incident","Network Server","No",""
"Emanuel Medical Center","GA","Healthcare Provider","28963","02/17/2026","Hacking/IT Incident","Network Server","No",""
"Easterseals Northeast Indiana","IN","Healthcare Provider","3158","02/16/2026","Hacking/IT Incident","Network Server","No",""
"44North","MI","Business Associate","2158","02/16/2026","Hacking/IT Incident","Email","Yes",""
"Wee Care Pediatrics, LLC","UT","Healthcare Provider","2127","02/14/2026","Hacking/IT Incident","Network Server","No",""
"National Association on Drug Abuse Problems","NY","Healthcare Provider","90000","02/13/2026","Hacking/IT Incident","Network Server","No",""
"VPS Medical PLLC","PA","Healthcare Provider","4600","02/13/2026","Hacking/IT Incident","Network Server","No",""
"Academic Urology & Urogynecology of Arizona","AZ","Healthcare Provider","73281","02/13/2026","Hacking/IT Incident","Network Server","No",""
"Cedar Valley Services ","MN","Healthcare Provider","501","02/13/2026","Hacking/IT Incident","Network Server","No",""
"Resource Corporation of America","TX","Business Associate","501","02/13/2026","Hacking/IT Incident","Network Server","Yes",""
"Cedar Point Health, LLC","CO","Healthcare Provider","23114","02/12/2026","Hacking/IT Incident","Network Server","No",""
"Counseling Center of Wayne & Holmes Counties ","OH","Healthcare Provider","83354","02/09/2026","Hacking/IT Incident","Network Server","No",""
"Wendy Foster OD","KS","Healthcare Provider","20000","02/09/2026","Hacking/IT Incident","Network Server","No",""
"Carolina Foot & Ankle Associates","NC","Healthcare Provider","501","02/09/2026","Hacking/IT Incident","Network Server","No",""
"Marin Cancer Care","CA","Healthcare Provider","501","02/06/2026","Hacking/IT Incident","Network Server","No",""
"TriZetto Provider Solutions","MO","Business Associate","3433965","02/06/2026","Hacking/IT Incident","Network Server","Yes",""
"Apex Spine & Neurosurgery, LLC","GA","Healthcare Provider","2500","02/06/2026","Hacking/IT Incident","Network Server","No",""
"Triad Radiology Associates","NC","Healthcare Provider","11011","02/06/2026","Hacking/IT Incident","Email","No",""
"Cottage Hospital","NH","Healthcare Provider","1005","02/06/2026","Hacking/IT Incident","Network Server","No",""
"WIRX Pharmacy","PA","Healthcare Provider","20047","02/05/2026","Hacking/IT Incident","Network Server","No",""
"Personalis, Inc.","CA","Healthcare Provider","650","02/04/2026","Hacking/IT Incident","Email","No",""
"Issaqueena Pediatric Dentistry PA","SC","Healthcare Provider","501","02/04/2026","Hacking/IT Incident","Network Server","No",""
"Fair Oaks Ortho P.C.","VA","Healthcare Provider","1544","02/02/2026","Hacking/IT Incident","Email","No",""
"High Point Treatment Center, Inc.","MA","Healthcare Provider","25832","01/30/2026","Hacking/IT Incident","Electronic Medical Record, Network Server","No",""
"BAYADA Home Health Care, Inc.","NJ","Healthcare Provider","9526","01/30/2026","Hacking/IT Incident","Network Server","Yes",""
"Clinic Service Corporation","CO","Business Associate","82331","01/28/2026","Hacking/IT Incident","Network Server","Yes",""
"Wound Technology Network, Inc.","FL","Healthcare Provider","139830","01/28/2026","Hacking/IT Incident","Network Server","No",""
"WindRose Health Network","IN","Healthcare Provider","9087","01/27/2026","Hacking/IT Incident","Network Server","No",""
"Central States Dermatology Services, LLC","IL","Healthcare Provider","4626","01/26/2026","Hacking/IT Incident","Network Server","No",""
"Jefferson-Blount-St. Clair Mental Health Authority","AL","Healthcare Provider","30434","01/23/2026","Hacking/IT Incident","Network Server","No",""
"Precipio, Inc. ","CT","Healthcare Provider","501","01/23/2026","Hacking/IT Incident","Network Server","No",""
"Surgery Center of Oak Ridge, LLC dba Advanced Family Surgery Center","TN","Healthcare Provider","10320","01/23/2026","Hacking/IT Incident","Network Server","No",""
"True RCM, a Rapid Care Transcription, Inc., Company","MD","Business Associate","1247","01/20/2026","Hacking/IT Incident","Desktop Computer","Yes",""
"Middlesex Sheriff's Office","MA","Healthcare Provider","501","01/20/2026","Hacking/IT Incident","Network Server","No",""
"Benton County Health","OR","Healthcare Provider","1476","01/16/2026","Hacking/IT Incident","Network Server","Yes",""
"Insightin Health, Inc.","MD","Business Associate","1949534","01/16/2026","Hacking/IT Incident","Network Server","Yes",""
"Central Texas MHMR Center dba Center for Life Resource ","TX","Healthcare Provider","501","01/16/2026","Hacking/IT Incident","Network Server","No",""
"Minnesota Department of Human Services","MN","Health Plan","303965","01/16/2026","Unauthorized Access/Disclosure","Network Server","Yes",""
"Superior Care Plus LLC d/b/a Supportive Home Health LLC","OH","Healthcare Provider","1415","01/16/2026","Hacking/IT Incident","Email","No",""
"Administrators of the Tulane Educational Fund d/b/a Tulane University Medical Group","LA","Healthcare Provider","6556","01/15/2026","Hacking/IT Incident","Email","No",""
"360 Dental PC","PA","Healthcare Provider","11273","01/15/2026","Hacking/IT Incident","Network Server","No",""
"Southern Immediate Care, LLC","AL","Healthcare Provider","7447","01/15/2026","Hacking/IT Incident","Email","No",""
"Florence County Commission on Alcohol & Drug Abuse – dba Circle Park Behavioral Health Services (“Circle Park”)","SC","Healthcare Provider","7020","01/14/2026","Hacking/IT Incident","Email","No",""
"Pinnacle Holdings, LTD","PA","Business Associate","18313","01/13/2026","Hacking/IT Incident","Network Server","Yes",""
"TMG Health, Inc.","TX","Business Associate","2076","01/13/2026","Unauthorized Access/Disclosure","Network Server","Yes",""
"FullBeauty Brands, Inc. Associate Benefits Plan","NY","Health Plan","4725","01/13/2026","Hacking/IT Incident","Network Server","No",""
"Avosina Healthcare Solutions","VA","Business Associate","44425","01/10/2026","Hacking/IT Incident","Network Server","Yes",""
"Home, Hope and Healing, Inc.","ME","Healthcare Provider","501","01/09/2026","Hacking/IT Incident","Network Server","No",""
"The Center for Neuropsychology and Learning, PC ","MI","Healthcare Provider","3722","01/09/2026","Hacking/IT Incident","Network Server","No",""
"Central Ozarks Medical Center","MO","Healthcare Provider","11818","01/09/2026","Hacking/IT Incident","Network Server","No",""
"Devereux Foundation","PA","Healthcare Provider","501","01/08/2026","Hacking/IT Incident","Network Server","No",""
"ABKSW PREFERRED HEALTH PARTNERS, PLLC d/b/a NORTH TEXAS PREFERRED HEALTH PARTNERS","TX","Healthcare Provider","2074","01/08/2026","Hacking/IT Incident","Network Server","Yes",""
"Methodist Homes of Alabama and Northwest Florida","AL","Healthcare Provider","1406","01/06/2026","Hacking/IT Incident","Email","No",""
"Pit River Health Service Inc.","CA","Healthcare Provider","1800","01/06/2026","Hacking/IT Incident","Network Server","No",""
"Iowa Health and Human Services","IA","Health Plan","3340","01/06/2026","Hacking/IT Incident","Network Server","Yes",""
"Texas Health and Human Services Commission","TX","Health Plan","68066","01/05/2026","Hacking/IT Incident","Network Server","Yes",""
"Mid Michigan Medical Billing Service, Inc.","MI","Business Associate","28185","01/05/2026","Hacking/IT Incident","Network Server","Yes",""
"Pines of Sarasota Healthcare, LLC","FL","Healthcare Provider","1258","12/31/2025","Hacking/IT Incident","Email","No",""
"Standards Home Health, Inc. ","TX","Healthcare Provider","6847","12/31/2025","Hacking/IT Incident","Email","No",""
"Andover Eye Associates","MA","Healthcare Provider","1638","12/31/2025","Hacking/IT Incident","Email","No",""
"Steel Encounters, Inc.","UT","Healthcare Provider","959","12/31/2025","Hacking/IT Incident","Network Server","No",""
"Advantage Capital Holdings LLC","UT","Health Plan","26343","12/30/2025","Hacking/IT Incident","Network Server","No",""
"Associated Radiologists of the Finger Lakes, P.C.","NY","Business Associate","501","12/29/2025","Hacking/IT Incident","Network Server","Yes",""
"Docs Medical Group, Inc. dba Pulse Urgent Care","CA","Healthcare Provider","4035","12/28/2025","Hacking/IT Incident","Network Server","No",""
"CareOregon","OR","Health Plan","6988","12/26/2025","Unauthorized Access/Disclosure","Network Server","No",""
"BlueCross BlueShield of Tennessee, Inc. ","TN","Business Associate","780","12/26/2025","Unauthorized Access/Disclosure","Email","Yes",""
"Glendale Obstetrics & Gynecology PCA","AZ","Healthcare Provider","501","12/24/2025","Hacking/IT Incident","Network Server","No",""
"AllerVie Health ","TX","Healthcare Provider","80521","12/23/2025","Hacking/IT Incident","Network Server","No",""
"Reproductive Medicine Associates of Michigan","MI","Healthcare Provider","501","12/19/2025","Hacking/IT Incident","Network Server","No",""
"Mitchell County Department of Social Services","NC","Healthcare Provider","501","12/19/2025","Hacking/IT Incident","Network Server","No",""
"Medical Center, LLP","GA","Healthcare Provider","32090","12/19/2025","Hacking/IT Incident","Network Server","No",""
"North East Medical Services","CA","Healthcare Provider","91513","12/18/2025","Hacking/IT Incident","Network Server","No",""
"Excellent Home Care Services, LLC","NY","Healthcare Provider","16278","12/17/2025","Hacking/IT Incident","Email","No",""
"FPMCM LLC","TN","Business Associate","2072","12/15/2025","Unauthorized Access/Disclosure","Email","Yes",""
"OCAT, LLC dba Evoke Wellness at Hilliard","OH","Healthcare Provider","1629","12/12/2025","Unauthorized Access/Disclosure","Electronic Medical Record","No",""
"Fieldtex Products, Inc.","NY","Business Associate","104071","12/12/2025","Hacking/IT Incident","Network Server","Yes",""
"Heywood Healthcare Inc. including Henry Heywood Memorial Hospital, Athol Memorial Hospital, and Heywood Medical Group, Inc. (“Heywood”)","MA","Healthcare Provider","500","12/12/2025","Hacking/IT Incident","Network Server","No",""
"Brevard Skin and Cancer Center","FL","Healthcare Provider","54570","12/12/2025","Hacking/IT Incident","Network Server","No",""
"Baltimore Medical System, Inc.","MA","Healthcare Provider","501","12/12/2025","Hacking/IT Incident","Network Server","No",""
"Centric Health","CA","Healthcare Provider","6855","12/10/2025","Hacking/IT Incident","Electronic Medical Record, Network Server","Yes",""
"Southern Oregon Neurosurgical and Spine Associates, PC","OR","Healthcare Provider","1000","12/09/2025","Hacking/IT Incident","Email","No",""
"Green Imaging, LLC","TX","Healthcare Provider","29517","12/09/2025","Hacking/IT Incident","Email","No",""
"Ochsner LSU Health – Regional Urology","LA","Healthcare Provider","4519","12/09/2025","Hacking/IT Incident","Network Server","No",""
"TriCity Family Services","IL","Healthcare Provider","2511","12/08/2025","Hacking/IT Incident","Network Server","No",""
"Vida Y Salud-Health Systems, Inc.","TX","Healthcare Provider","35236","12/08/2025","Hacking/IT Incident","Network Server","No",""
"AgeRight Clinical Services","OR","Healthcare Provider","4859","12/05/2025","Hacking/IT Incident","Network Server","No",""
"Columbia Medical Practice","MD","Healthcare Provider","94131","12/05/2025","Hacking/IT Incident","Network Server","No",""
"Greater St. Louis Oral & Maxillofacial Surgery PC ","MO","Healthcare Provider","501","12/04/2025","Hacking/IT Incident","Email","No",""
"Fieldtex Products, Inc.","NY","Business Associate","5901","12/03/2025","Hacking/IT Incident","Network Server","Yes",""
"Fieldtex Products, Inc.","NY","Business Associate","9206","12/03/2025","Hacking/IT Incident","Network Server","Yes",""
"Fieldtex Products, Inc.","NY","Business Associate","20641","12/03/2025","Hacking/IT Incident","Network Server","Yes",""
"MedStar Health, Inc.","MD","Healthcare Provider","64332","12/03/2025","Hacking/IT Incident","Network Server","No",""
"West Texas Health, PLLC","TX","Business Associate","73720","12/02/2025","Hacking/IT Incident","Network Server","Yes",""
"Madison Healthcare Services","MN","Healthcare Provider","500","12/02/2025","Hacking/IT Incident","Network Server","No",""
"FedEx Corporation Group Health Plan","TN","Health Plan","1066","12/01/2025","Hacking/IT Incident","Network Server","Yes",""
"Cerenade","CA","Business Associate","987","11/30/2025","Hacking/IT Incident","Network Server","Yes",""
"Richmond Behavioral Health Authority","VA","Healthcare Provider","113232","11/28/2025","Hacking/IT Incident","Network Server","No",""
"Spindletop Center","TX","Healthcare Provider","88863","11/28/2025","Hacking/IT Incident","Network Server","No",""
"Henry Ford Health","MI","Healthcare Provider","1984","11/26/2025","Unauthorized Access/Disclosure","Desktop Computer","No",""
"Persante Health Care ","NJ","Business Associate","111815","11/26/2025","Hacking/IT Incident","Network Server","Yes",""
"Keystone Alliance, Inc.","IL","Business Associate","1021","11/26/2025","Hacking/IT Incident","Email","Yes",""
"Center for Urologic Care of Berks CO","PA","Healthcare Provider","543","11/26/2025","Hacking/IT Incident","Network Server","No",""
"Tanner Medical Center","GA","Healthcare Provider","1000","11/25/2025","Unauthorized Access/Disclosure","Electronic Medical Record","No",""
"Greater Meridian Health Clinic, Inc. ","MS","Healthcare Provider","4651","11/24/2025","Hacking/IT Incident","Network Server","No",""
"Davies, McFarland & Carroll LLC","PA","Business Associate","54712","11/24/2025","Hacking/IT Incident","Network Server","Yes",""
"VITAS Hospice Services, LLC","FL","Healthcare Provider","319177","11/24/2025","Hacking/IT Incident","Network Server","No",""
"Millcreek Pediatrics","DE","Healthcare Provider","14095","11/21/2025","Hacking/IT Incident","Network Server","No",""
"NS Support, LLC","ID","Healthcare Provider","92845","11/21/2025","Hacking/IT Incident","Network Server","No",""
"Delta Dental of Virginia","VA","Health Plan","126953","11/21/2025","Hacking/IT Incident","Email","No",""
"Nura PLLC","MN","Healthcare Provider","5207","11/21/2025","Hacking/IT Incident","Email","No",""
"Fieldtex Products, Inc.","NY","Business Associate","238615","11/20/2025","Hacking/IT Incident","Network Server","Yes",""
"Dr. Michael Kaplan DO PC DBA Long Island Weight Loss Institute","NY","Healthcare Provider","3426","11/20/2025","Hacking/IT Incident","Network Server","No",""
"Wyandot Behavioral Health Network","KS","Healthcare Provider","27174","11/20/2025","Hacking/IT Incident","Network Server","No",""
"Personic Management Company LLC","VA","Business Associate","10929","11/19/2025","Hacking/IT Incident","Network Server","Yes",""
"County of Catawba","NC","Health Plan","500","11/19/2025","Hacking/IT Incident","Network Server","No",""
"NAHGA Claim Services","ME","Health Plan","21834","11/19/2025","Hacking/IT Incident","Network Server","No",""
"Anchorage Neighborhood Health Center ","AK","Healthcare Provider","70555","11/19/2025","Hacking/IT Incident","Network Server","No",""
"Dermatology Associates of Concord","MA","Healthcare Provider","501","11/18/2025","Hacking/IT Incident","Network Server","No",""
"Marrs Ear, Nose & Throat, PA","FL","Healthcare Provider","6376","11/18/2025","Unauthorized Access/Disclosure","Email","No",""
"Cary Pediatric Center, PA","NC","Healthcare Provider","25784","11/17/2025","Hacking/IT Incident","Network Server","No",""
"St. John’s Riverside Hospital","NY","Healthcare Provider","2238","11/14/2025","Hacking/IT Incident","Email","No",""
"Morton Drug Company","WI","Healthcare Provider","40051","11/10/2025","Hacking/IT Incident","Network Server","No",""
"Marshfield Clinic Health System ","WI","Healthcare Provider","35952","11/07/2025","Hacking/IT Incident","Email","No",""
"Loving and Living Center, PC dba Awakenings Center","NC","Healthcare Provider","17800","11/07/2025","Hacking/IT Incident","Electronic Medical Record","No",""
"The Chase Group Employee Benefit Plan","NM","Health Plan","817","11/06/2025","Hacking/IT Incident","Network Server","No",""
"Archer Health","CA","Healthcare Provider","4285","11/06/2025","Hacking/IT Incident","Network Server","No",""
"Tampa Bay Treatment Associates","FL","Healthcare Provider","3682","11/05/2025","Theft","Electronic Medical Record","No",""
"Denton MHMR Center","TX","Healthcare Provider","108967","11/05/2025","Hacking/IT Incident","Network Server","No",""
"Tri Century Eye Care PC","PA","Healthcare Provider","200000","10/31/2025","Hacking/IT Incident","Network Server","No",""
"Expert MRI","CA","Healthcare Provider","209560","10/31/2025","Hacking/IT Incident","Network Server","No",""
"Judson Center","MI","Healthcare Provider","976","10/31/2025","Hacking/IT Incident","Network Server","No",""
"Beverly Hills Oncology Medical Group","CA","Healthcare Provider","57655","10/31/2025","Hacking/IT Incident","Network Server","No",""
"Hale Makua Health Services","HI","Healthcare Provider","14369","10/29/2025","Hacking/IT Incident","Network Server","No",""
"Better Vision Eyecare, LLC","AZ","Healthcare Provider","501","10/28/2025","Unauthorized Access/Disclosure","Email","No",""
"Northwest Radiologists, Inc./Mount Baker Imaging","WA","Healthcare Provider","362713","10/28/2025","Hacking/IT Incident","Network Server","No",""
"Health Management Systems of America","MI","Healthcare Provider","4213","10/27/2025","Hacking/IT Incident","Email","No",""
"REACH, Inc","AK","Healthcare Provider","1195","10/27/2025","Hacking/IT Incident","Email","No",""
"VirMedice, LLC","AZ","Business Associate","1000","10/25/2025","Hacking/IT Incident","Network Server","Yes",""
"Physicians to Children & Adolescents","KY","Healthcare Provider","9536","10/24/2025","Hacking/IT Incident","Network Server","No",""
"Southwest Urology","OH","Healthcare Provider","1310","10/24/2025","Hacking/IT Incident","Network Server","Yes",""
"Michael R. Schwartz, MD Inc.","CA","Healthcare Provider","9809","10/23/2025","Hacking/IT Incident","Desktop Computer","No",""
"Legacy Health, LLC","TX","Business Associate","6547","10/23/2025","Unauthorized Access/Disclosure","Electronic Medical Record","Yes",""
"Express Canna Cards, LLC","FL","Healthcare Provider","5000","10/20/2025","Unauthorized Access/Disclosure","Electronic Medical Record","No",""
"Heartland Health Center ","NE","Healthcare Provider","43728","10/17/2025","Hacking/IT Incident","Network Server","No",""
"North Atlantic States Carpenters Health Benefits Fund","MA","Health Plan","501","10/17/2025","Hacking/IT Incident","Network Server","No",""
"Modernizing Medicine, Inc.","FL","Business Associate","198795","10/17/2025","Hacking/IT Incident","Network Server","Yes",""
"River City Eye Care, LLC","OR","Healthcare Provider","6588","10/16/2025","Hacking/IT Incident","Network Server","No",""
"Coalesce, LLC dba Benefitelect","AZ","Business Associate","501","10/15/2025","Hacking/IT Incident","Network Server","Yes",""
"Visiting Nurse Association of Texas, LLC","TX","Healthcare Provider","28515","10/10/2025","Hacking/IT Incident","Email","No",""
"Bay Medical LLC","MD","Healthcare Provider","1483","10/09/2025","Hacking/IT Incident","Email","No",""
"Conduent Business Services LLC","NJ","Business Associate","62224658","10/08/2025","Hacking/IT Incident","Network Server","Yes",""
"Wellpoint, Inc.","IN","Business Associate","579","10/07/2025","Hacking/IT Incident","Network Server","Yes",""
"Sierra Vista Hospital & Clinics","NM","Healthcare Provider","75054","10/06/2025","Hacking/IT Incident","Network Server","No",""
"OB-GYN Associates, Ltd. dba OBGYN Associates ","NV","Healthcare Provider","62238","10/06/2025","Hacking/IT Incident","Network Server","No",""
"Cardiovascular Medicine Associates (doing business as MyCardiologist) ","FL","Healthcare Provider","2248","10/06/2025","Hacking/IT Incident","Email","No",""
"Space Coast Vascular","FL","Healthcare Provider","18819","10/06/2025","Hacking/IT Incident","Network Server","No",""
"Southwest C.A.R.E. Center","NM","Healthcare Provider","21866","10/03/2025","Hacking/IT Incident","Network Server","No",""
"Brightstar Global Solutions Corporation","RI","Health Plan","103879","10/03/2025","Hacking/IT Incident","Network Server","No",""
"Arizona Health Care Cost Containment System- State Medicaid Agency","AZ","Health Plan","3177","10/03/2025","Unauthorized Access/Disclosure","Electronic Medical Record","No",""
"Harris County Hospital District d/b/a Harris Health ","TX","Healthcare Provider","5357","10/03/2025","Unauthorized Access/Disclosure","Electronic Medical Record","No",""
"Harbor","OH","Healthcare Provider","216000","09/30/2025","Hacking/IT Incident","Network Server","No",""
"Emergency Responders Health Center","ID","Healthcare Provider","1528","09/26/2025","Hacking/IT Incident","Email","No",""
"Valley Radiology ","CA","Healthcare Provider","1166","09/25/2025","Hacking/IT Incident","Network Server","No",""
"Rockhill Women’s Care","MO","Healthcare Provider","70129","09/25/2025","Hacking/IT Incident","Network Server","No",""
"Susan B. Allen Memorial Hospital","KS","Healthcare Provider","11866","09/25/2025","Hacking/IT Incident","Desktop Computer, Network Server","No",""
"Doctors Imaging Group","FL","Healthcare Provider","171862","09/24/2025","Hacking/IT Incident","Network Server","No",""
"Philadelphia Corporation for Aging (PCA)","PA","Business Associate","410491","09/23/2025","Hacking/IT Incident","Network Server","Yes",""
"Healthcare Interactive","MD","Business Associate","501","09/22/2025","Hacking/IT Incident","Network Server","Yes",""
"Veradigm LLC   ","IL","Business Associate","2672036","09/22/2025","Hacking/IT Incident","Network Server","Yes",""
"City of St. Joseph, MO Health Department ","MO","Healthcare Provider","11538","09/22/2025","Hacking/IT Incident","Network Server","No",""
"People Encouraging People","MD","Healthcare Provider","13083","09/19/2025","Hacking/IT Incident","Network Server","No",""
"Health & Palliative Services of the Treasure Coast, Inc d/b/a Treasure Coast Hospice  (“Treasure Health ”)","FL","Healthcare Provider","13230","09/19/2025","Unauthorized Access/Disclosure","Email","No",""
"Ennoble Care & Circa Health, LLC","NJ","Healthcare Provider","36332","09/18/2025","Hacking/IT Incident","Email","No",""
"Sun Valley Surgery Center","NV","Healthcare Provider","27001","09/18/2025","Hacking/IT Incident","Network Server","No",""
"Trusteed Plan Services Corporation","WA","Business Associate","7977","09/17/2025","Hacking/IT Incident","Network Server","Yes",""
"Navesink Rehab","NJ","Healthcare Provider","1428","09/17/2025","Hacking/IT Incident","Network Server","No",""
"Survival Flight, Inc.","AZ","Healthcare Provider","97217","09/15/2025","Hacking/IT Incident","Network Server","No",""
"Sandhills Medical Foundation ","SC","Healthcare Provider","169017","09/14/2025","Hacking/IT Incident","Network Server","No",""
"Saint Anthony Hospital ","IL","Healthcare Provider","6679","09/12/2025","Hacking/IT Incident","Email","No",""
"North Penn Comprehensive Health Services d.b.a Laurel Health Centers","PA","Healthcare Provider","991","09/12/2025","Hacking/IT Incident","Email","No",""
"Franklin Dermatology Group, PLC","TN","Healthcare Provider","2457","09/11/2025","Hacking/IT Incident","Network Server","Yes",""
"PGA Development, Inc.","PA","Healthcare Provider","23899","09/10/2025","Hacking/IT Incident","Network Server","No",""
"Texas Center for Infectious Disease Associates","TX","Healthcare Provider","1236","09/10/2025","Hacking/IT Incident","Email","No",""
"Coos County Family Health Services","NH","Healthcare Provider","501","09/05/2025","Hacking/IT Incident","Network Server","No",""
"Medical Associates of Brevard, LLC","FL","Healthcare Provider","246711","09/05/2025","Hacking/IT Incident","Network Server","No",""
"Twin Cities Pain Clinic","MN","Healthcare Provider","3572","09/04/2025","Hacking/IT Incident","Email","No",""
"Retina Group of Florida","FL","Healthcare Provider","152691","09/03/2025","Hacking/IT Incident","Network Server","No",""
"Teamsters Union 25 Health Services & Insurance Plan","MA","Health Plan","19231","09/03/2025","Hacking/IT Incident","Network Server","No",""
"La Perouse, LLC","NV","Business Associate","501","09/02/2025","Hacking/IT Incident","Network Server","Yes",""
"North Oaks Health System","LA","Healthcare Provider","6243","09/02/2025","Hacking/IT Incident","Email","No",""
"University of Iowa Community Home Care","IA","Healthcare Provider","109029","08/29/2025","Hacking/IT Incident","Network Server","No",""
"University of Iowa Health Care","IA","Healthcare Provider","101875","08/29/2025","Hacking/IT Incident","Network Server","No",""
"Carrollton Ear, Nose and Throat, PC","GA","Healthcare Provider","3569","08/29/2025","Hacking/IT Incident","Network Server","No",""
"Reimagine Network","CA","Healthcare Provider","4799","08/29/2025","Hacking/IT Incident","Network Server","No",""
"Anthony L. Jordan Health Corporation ","NY","Healthcare Provider","2974","08/29/2025","Hacking/IT Incident","Email","No",""
"Greater Pittsburgh Orthopaedics Associates","PA","Healthcare Provider","35000","08/27/2025","Hacking/IT Incident","Desktop Computer","No",""
"College Hometown Pharmacy","NY","Healthcare Provider","9742","08/25/2025","Hacking/IT Incident","Network Server","No",""
"College Parkside Pharmacy","NY","Healthcare Provider","5736","08/25/2025","Hacking/IT Incident","Network Server","No",""
"Assisted Living Pharmacy Service, LLC","WI","Healthcare Provider","5590","08/25/2025","Hacking/IT Incident","Network Server","No",""
"Prime Therapeutics LLC","MN","Business Associate","2266","08/25/2025","Unauthorized Access/Disclosure","Laptop","Yes",""
"Pacific Imaging Management, LLC","CA","Healthcare Provider","13158","08/25/2025","Hacking/IT Incident","Email","No",""
"C. B. King Memorial School","AR","Healthcare Provider","838","08/22/2025","Hacking/IT Incident","Network Server","No",""
"Beech Acres Parenting Center ","OH","Healthcare Provider","19315","08/22/2025","Hacking/IT Incident","Network Server","No",""
"Vance County Department of Social Services","NC","Business Associate","501","08/22/2025","Hacking/IT Incident","Network Server","Yes",""
"Independent Health Association, Inc.","NY","Health Plan","637","08/22/2025","Unauthorized Access/Disclosure","Other","No",""
"McEwen & Associates","TX","Business Associate","500","08/21/2025","Hacking/IT Incident","Network Server","Yes",""
"McEwen & Associates","TX","Business Associate","500","08/21/2025","Hacking/IT Incident","Network Server","Yes",""
"McEwen & Associates","TX","Business Associate","500","08/21/2025","Hacking/IT Incident","Network Server","Yes",""
"Vital Imaging Medical Diagnostic Centers, LLC","FL","Healthcare Provider","111509","08/21/2025","Hacking/IT Incident","Network Server","No",""
"Arkansas Primary Care Clinic","AR","Healthcare Provider","2491","08/20/2025","Hacking/IT Incident","Network Server","No",""
"Revere Health PC","UT","Healthcare Provider","605","08/19/2025","Hacking/IT Incident","Desktop Computer","No",""
"CareTracker, Inc.","NY","Business Associate","501","08/18/2025","Hacking/IT Incident","Network Server","Yes",""
"Bevel Health Medical Group","PA","Healthcare Provider","510","08/18/2025","Unauthorized Access/Disclosure","Electronic Medical Record","No",""
"Pediatric Otolaryngology Head & Neck Surgery Associates, P.A.","FL","Healthcare Provider","43446","08/18/2025","Hacking/IT Incident","Network Server","No",""
"CPAP Medical Supplies and Services Inc. ","FL","Healthcare Provider","90133","08/15/2025","Hacking/IT Incident","Network Server","No",""
"Lake City Cancer Care, LLC","FL","Healthcare Provider","9980","08/15/2025","Hacking/IT Incident","Network Server","Yes",""
"Alert Medical Alarms","PA","Healthcare Provider","39218","08/15/2025","Hacking/IT Incident","Network Server","No",""
"Mower County Health and Human Services","MN","Healthcare Provider","501","08/15/2025","Hacking/IT Incident","Network Server","No",""
"Welcome Dentistry-Anaheim","CA","Healthcare Provider","1001","08/15/2025","Hacking/IT Incident","Network Server","No",""
"Welcome Dentistry-Los Angeles","CA","Healthcare Provider","1001","08/13/2025","Hacking/IT Incident","Network Server","No",""
"UnitedHealthcare","CT","Health Plan","3215","08/12/2025","Unauthorized Access/Disclosure","Paper/Films","No",""
"Zelis Healthcare LLC","MA","Business Associate","4289","08/12/2025","Unauthorized Access/Disclosure","Paper/Films","Yes",""
"Dr. Doug's Pediatric Dentistry","UT","Healthcare Provider","3590","08/11/2025","Hacking/IT Incident","Email","No",""
"Mission City Community Network, Inc.","CA","Healthcare Provider","11016","08/09/2025","Hacking/IT Incident","Network Server","No",""
"Aflac Incorporated (“Aflac”)","GA","Health Plan","13924906","08/08/2025","Hacking/IT Incident","Network Server","No",""
"Friesen Group","CA","Healthcare Provider","500","08/08/2025","Hacking/IT Incident","Network Server","No",""
"Center for Disability Services, Inc.","NY","Healthcare Provider","3343","08/08/2025","Hacking/IT Incident","Email","No",""
"PROVAIL","WA","Healthcare Provider","501","08/08/2025","Hacking/IT Incident","Network Server","No",""
"South Coast Pediatrics","CA","Healthcare Provider","7000","08/05/2025","Hacking/IT Incident","Network Server","No",""
"Oglethorpe, Inc.","FL","Healthcare Provider","92332","08/05/2025","Hacking/IT Incident","Network Server","No",""
"Precision Endodontics of Raleigh","NC","Healthcare Provider","4022","08/05/2025","Hacking/IT Incident","Email","No",""
"Westminster Village Greenwood, Inc.","IN","Healthcare Provider","14386","08/04/2025","Hacking/IT Incident","Network Server","No",""
"MDLand International Corporation ","NY","Business Associate","22586","08/04/2025","Hacking/IT Incident","Network Server","Yes",""
"Highlands Oncology Group PA","AR","Healthcare Provider","111766","08/01/2025","Hacking/IT Incident","Network Server","No",""
"Langdon & Company, LLP Certified Public Accountants","NC","Business Associate","46061","08/01/2025","Hacking/IT Incident","Network Server","Yes",""
"DaVita Inc.","CO","Healthcare Provider","2689826","08/01/2025","Hacking/IT Incident","Network Server","No",""
"David A. Nover, M.D., P.C.","PA","Healthcare Provider","4703","07/31/2025","Hacking/IT Incident","Network Server","No",""
"Vail Summit Orthopaedics","CO","Healthcare Provider","5044","07/31/2025","Hacking/IT Incident","Email","No",""
"The Center at Cordera","CO","Healthcare Provider","6057","07/29/2025","Hacking/IT Incident","Network Server","No",""
"Compass Counseling Services, LLC","FL","Healthcare Provider","5440","07/29/2025","Hacking/IT Incident","Network Server","No",""
"Alera Group, Inc.","IL","Business Associate","155567","07/29/2025","Hacking/IT Incident","Network Server","Yes",""
"PhyNet Dermatology, LLC","TN","Business Associate","1308","07/29/2025","Hacking/IT Incident","Email","Yes",""
"Northwest Denture Center, Inc. ","WA","Healthcare Provider","19419","07/25/2025","Hacking/IT Incident","Network Server","No",""
"Nova Recovery Center, LLC d/b/a Nova Recovery Center","TX","Healthcare Provider","6242","07/24/2025","Hacking/IT Incident","Network Server","No",""
"McKenzie Memorial Hospital","MI","Healthcare Provider","58839","07/24/2025","Hacking/IT Incident","Network Server","No",""
"Gastroenterology Consultants of South Texas ","TX","Healthcare Provider","44579","07/22/2025","Hacking/IT Incident","Network Server","No",""
"Boutin Jones","CA","Business Associate","1506","07/21/2025","Hacking/IT Incident","Network Server","Yes",""
"Kettering Adventist Healthcare","OH","Healthcare Provider","1695382","07/21/2025","Hacking/IT Incident","Network Server","No",""
"Infinite Services, Inc.","NY","Healthcare Provider","31742","07/21/2025","Hacking/IT Incident","Network Server","No",""
"Dr. Michael Bilikas and Associates d.b.a. 32 Pearls","WA","Healthcare Provider","23517","07/21/2025","Hacking/IT Incident","Network Server","No",""
"Equilibria Mental Health Services","PA","Healthcare Provider","3232","07/20/2025","Hacking/IT Incident","Email","No",""
"Keys Pathology Associates, PA","FL","Healthcare Provider","20000","07/19/2025","Hacking/IT Incident","Network Server","Yes",""
"Human Development Services of Westchester","NY","Healthcare Provider","607","07/18/2025","Hacking/IT Incident","Email","No",""
"Clinica Family Health Services","CO","Healthcare Provider","47593","07/14/2025","Hacking/IT Incident","Network Server","No",""
"Williamsburg Area Medical Assistance Corporation d/b/a Olde Towne Medical and Dental Center (OTMDC)","VA","Healthcare Provider","2567","07/13/2025","Hacking/IT Incident","Network Server","No",""
"Picis Clinical Solutions, Inc. d/b/a Medstreaming","MA","Business Associate","8840","07/11/2025","Hacking/IT Incident","Network Server","Yes",""
"Covenant Health ","MA","Business Associate","7864","07/11/2025","Hacking/IT Incident","Network Server","Yes",""
"Anne Arundel Dermatology ","MD","Healthcare Provider","1905000","07/11/2025","Hacking/IT Incident","Network Server","No",""
"Mountain Laurel Dermatology","NC","Healthcare Provider","3324","07/10/2025","Hacking/IT Incident","Network Server","No",""
"Naper Grove Vision Care","IL","Healthcare Provider","501","07/10/2025","Hacking/IT Incident","Network Server","No",""
"Florida Lung, Asthma & Sleep Specialists (FLASS)","FL","Healthcare Provider","10000","07/09/2025","Hacking/IT Incident","Network Server","No",""
"Complete Care Rehab LLC","MI","Healthcare Provider","4764","07/08/2025","Hacking/IT Incident","Network Server","No",""
"K&E Advanced Dentisrty","OH","Healthcare Provider","1700","07/07/2025","Hacking/IT Incident","Email","No",""
"City of Franklin","WI","Healthcare Provider","3233","07/03/2025","Hacking/IT Incident","Network Server","No",""
"Zumpano Patricios, P.A.","FL","Business Associate","279275","07/03/2025","Hacking/IT Incident","Network Server","Yes",""
"Cierant Corporation ","CT","Business Associate","232506","07/03/2025","Hacking/IT Incident","Network Server","Yes",""
"Arbor Associates, Inc.","MI","Business Associate","17040","07/03/2025","Hacking/IT Incident","Network Server","Yes",""
"Urology Associates of Charleston","SC","Healthcare Provider","2060","07/03/2025","Hacking/IT Incident","Email","No",""
"Radiology Associates of Richmond, Inc.","VA","Healthcare Provider","1419091","07/01/2025","Hacking/IT Incident","Network Server","No",""
"Texas Center for Infectious Disease Associates","TX","Healthcare Provider","19481","06/30/2025","Hacking/IT Incident","Network Server","No",""
"Centers for Medicare & Medicaid Services","MD","Health Plan","107154","06/30/2025","Hacking/IT Incident","Network Server","No",""
"Clinical Practices of the University of Pennsylvania","PA","Healthcare Provider","1432","06/30/2025","Unauthorized Access/Disclosure","Paper/Films","No",""
"Radiation Oncology Network of Southern California, LLC","CA","Healthcare Provider","12944","06/27/2025","Hacking/IT Incident","Email","Yes",""
"PDCM Insurance","IA","Business Associate","501","06/27/2025","Hacking/IT Incident","Network Server","Yes",""
"PET Imaging of Northern Colorado","CO","Healthcare Provider","4824","06/27/2025","Hacking/IT Incident","Email","Yes",""
"PET Imaging of Dallas Northeast","TX","Healthcare Provider","1935","06/27/2025","Hacking/IT Incident","Email","Yes",""
"Lake City Cancer Care, LLC","FL","Healthcare Provider","15142","06/27/2025","Hacking/IT Incident","Email","Yes",""
"Denali Biomedical","AK","Healthcare Provider","2413","06/27/2025","Hacking/IT Incident","Email","Yes",""
"California Cancer Associates for Research and Excellence – San Diego","CA","Healthcare Provider","638","06/27/2025","Hacking/IT Incident","Email","Yes",""
"Bardmoor Cancer Center","FL","Healthcare Provider","991","06/27/2025","Hacking/IT Incident","Email","Yes",""
"Amalgamated Meat Cutters and Retail Food Store Employees Union Local 342 Health Care Fund","NY","Health Plan","56615","06/26/2025","Hacking/IT Incident","Network Server","No",""
"Clement Manor","WI","Healthcare Provider","16046","06/25/2025","Hacking/IT Incident","Network Server","No",""
"McLaren Health Care","MI","Healthcare Provider","743131","06/24/2025","Hacking/IT Incident","Network Server","No",""
"Minneapolis VA Medical Center","MN","Healthcare Provider","1099","06/24/2025","Unauthorized Access/Disclosure","Paper/Films","No",""
"Mainline Health Systems Inc","AR","Healthcare Provider","101104","06/23/2025","Hacking/IT Incident","Network Server","No",""
"Blue Shield of California","CA","Business Associate","673","06/23/2025","Unauthorized Access/Disclosure","Email","Yes",""
"Esse Health ","MO","Healthcare Provider","23671","06/20/2025","Hacking/IT Incident","Network Server","No",""
"Los Angeles County Developmental Services Fdn., Inc. dba Frank D. Lanterman Regional Ctr.","CA","Healthcare Provider","19000","06/20/2025","Hacking/IT Incident","Email","No",""
"Retina Associates of Cleveland, Inc.","OH","Healthcare Provider","3604","06/20/2025","Hacking/IT Incident","Email","No",""
"Harbor","OH","Healthcare Provider","2703","06/20/2025","Hacking/IT Incident","Email","No",""
"Skin Care Specialty Physicians","MD","Healthcare Provider","1038","06/19/2025","Hacking/IT Incident","Email","No",""
"Marquette County Medical Care Facility","OH","Healthcare Provider","1499","06/18/2025","Hacking/IT Incident","Email","No",""
"Winkler County Hospital District","TX","Healthcare Provider","637","06/17/2025","Unauthorized Access/Disclosure","Email","No",""
"Broadwest Specialty Surgical Center","IN","Healthcare Provider","536","06/17/2025","Hacking/IT Incident","Network Server","Yes",""
"Central Kentucky Radiology","KY","Healthcare Provider","166953","06/13/2025","Hacking/IT Incident","Network Server","No",""
"Diversified Services Enterprises","FL","Business Associate","501","06/13/2025","Hacking/IT Incident","Network Server","Yes",""
"Elmore County","ID","Healthcare Provider","931","06/13/2025","Hacking/IT Incident","Email","No",""
"AltaMed Health Services Corporation","CA","Healthcare Provider","4530","06/13/2025","Unauthorized Access/Disclosure","Email","No",""
"Mount Rogers Community Services","VA","Healthcare Provider","38191","06/13/2025","Hacking/IT Incident","Network Server","No",""
"Imperial Beach Community Clinic","CA","Healthcare Provider","10358","06/12/2025","Hacking/IT Incident","Network Server","No",""
"Kelley Drye & Warren LLP","NY","Business Associate","771","06/12/2025","Hacking/IT Incident","Network Server","Yes",""
"Rural Health Services ","SC","Healthcare Provider","36542","06/12/2025","Hacking/IT Incident","Network Server","No",""
"Clarkston Chiropractic Sports & Wellness","MI","Healthcare Provider","2757","06/11/2025","Hacking/IT Incident","Network Server","Yes",""
"Repay Management Services, LLC","GA","Health Plan","606","06/10/2025","Hacking/IT Incident","Network Server","Yes",""
"Episource, LLC","CA","Business Associate","6725572","06/06/2025","Hacking/IT Incident","Network Server","Yes",""
"Blue Shield of California","CA","Business Associate","1543","06/06/2025","Unauthorized Access/Disclosure","Other","Yes",""
"Sharp Community Medical Group","CA","Healthcare Provider","26976","06/06/2025","Hacking/IT Incident","Network Server","Yes",""
"Public Health Trust of Miami Dade County DBA Jackson Health System","FL","Healthcare Provider","2599","06/06/2025","Unauthorized Access/Disclosure","Electronic Medical Record","No",""
"Sharp HealthCare","CA","Healthcare Provider","500","06/06/2025","Hacking/IT Incident","Network Server","Yes",""
"Huron Regional Medical Center, Inc.","SD","Healthcare Provider","25398","06/06/2025","Hacking/IT Incident","Network Server","No",""
"Centivo Corporation","GA","Business Associate","630","06/06/2025","Unauthorized Access/Disclosure","Email","Yes",""
"NYC Health + Hospitals","NY","Healthcare Provider","5728","06/06/2025","Hacking/IT Incident","Network Server","Yes",""
"Upper Dublin Family Dentistry","PA","Healthcare Provider","5000","05/30/2025","Hacking/IT Incident","Network Server","No",""
"Oliver Street Dermatology Management LLC ","TX","Business Associate","13717","05/30/2025","Hacking/IT Incident","Network Server","Yes",""
"Providia Home Care, LLC dba Preferred Care Home Health Services","FL","Healthcare Provider","38401","05/30/2025","Hacking/IT Incident","Email","No",""
"Horizon Blue Cross Blue Shield NJ","NJ","Health Plan","781","05/30/2025","Hacking/IT Incident","Network Server","No",""
"Next Step Healthcare LLC","MA","Healthcare Provider","12090","05/30/2025","Hacking/IT Incident","Network Server","No",""
"Northwestern Community Services Board","VA","Healthcare Provider","21856","05/29/2025","Hacking/IT Incident","Network Server","No",""
"Gateway Community Services, Inc. ","FL","Healthcare Provider","34498","05/29/2025","Hacking/IT Incident","Network Server","No",""
"The Smith Institute for Urology","NY","Healthcare Provider","2263","05/28/2025","Unauthorized Access/Disclosure","Desktop Computer","No",""
"Covenant Surgical Partners, Inc.","TX","Business Associate","88609","05/28/2025","Hacking/IT Incident","Network Server","Yes",""
"Mary B. Toporcer, MD, P.C.","PA","Healthcare Provider","501","05/28/2025","Hacking/IT Incident","Email","No",""
"Cahaba Center for Mental Health","AL","Healthcare Provider","15085","05/27/2025","Hacking/IT Incident","Email","No",""
"NHPP Physical Medicine and Rehabilitation","NY","Healthcare Provider","1353","05/23/2025","Unauthorized Access/Disclosure","Other","No",""
"Sports Physical Therapy, Occupational Therapy and Rehabilitation Services of the North Shore, P.L.L.C","NY","Healthcare Provider","6195","05/23/2025","Unauthorized Access/Disclosure","Other","No",""
"North Shore University Hospital Sleep Disorders Center","NY","Healthcare Provider","13332","05/23/2025","Unauthorized Access/Disclosure","Other","No",""
"The Cooper Health System","NJ","Healthcare Provider","57412","05/23/2025","Hacking/IT Incident","Network Server","No",""
"Access2Day Health ","LA","Business Associate","4908","05/23/2025","Hacking/IT Incident","Email","Yes",""
"Community Hospital of Anaconda","MT","Healthcare Provider","21243","05/19/2025","Hacking/IT Incident","Network Server","No",""
"Insulet Corporation","MA","Healthcare Provider","841","05/16/2025","Unauthorized Access/Disclosure","Network Server","No",""
"Mercy Surgical Dressing Group, Inc.","PA","Business Associate","4159","05/16/2025","Hacking/IT Incident","Network Server","Yes",""
"Compassion Health Care, Inc.","NC","Healthcare Provider","23282","05/16/2025","Hacking/IT Incident","Network Server","No",""
"Harbin Clinic, LLC","GA","Healthcare Provider","176149","05/16/2025","Hacking/IT Incident","Network Server","Yes",""
"Weiser Valley Hospital District dba Weiser Memorial Hospital","ID","Healthcare Provider","59990","05/15/2025","Hacking/IT Incident","Network Server","No",""
"CareNexa, LLC, doing business as Molecular Testing Labs","WA","Healthcare Provider","7711","05/15/2025","Hacking/IT Incident","Network Server","Yes",""
"Hunter Health Clinic","KS","Healthcare Provider","28431","05/15/2025","Hacking/IT Incident","Email","No",""
"Anne Arundel County Department of Health","MD","Healthcare Provider","500","05/15/2025","Hacking/IT Incident","Network Server","No",""
"Doctors Hospital at Renaissance, LTD","TX","Healthcare Provider","34060","05/15/2025","Hacking/IT Incident","Network Server","No",""
"Washington Gastroenterology","WA","Healthcare Provider","501","05/09/2025","Hacking/IT Incident","Network Server","No",""
"Blue Cross Blue Shield of Texas","IL","Business Associate","593","05/09/2025","Unauthorized Access/Disclosure","Paper/Films","Yes",""
"Tri-City Cardiology Consultants, P.C.","AZ","Healthcare Provider","22753","05/08/2025","Hacking/IT Incident","Network Server","No",""
"Allied Services Division Welfare Fund","IL","Health Plan","5727","05/07/2025","Hacking/IT Incident","Email","No",""
"The Carpenter Health Network","LA","Healthcare Provider","878","05/06/2025","Hacking/IT Incident","Network Server","No",""
"Minnesota Orthodontics and Dentofacial Orthopedics, P.A.","MN","Healthcare Provider","501","05/05/2025","Hacking/IT Incident","Network Server","No",""
"Monongalia Health System, Inc.","WV","Healthcare Provider","4895","05/03/2025","Unauthorized Access/Disclosure","Email","No",""
"CardioVascular Health Clinic","OK","Healthcare Provider","501","05/03/2025","Hacking/IT Incident","Network Server","No",""
"Absolute Dental Group, LLC","NV","Business Associate","1223635","05/02/2025","Hacking/IT Incident","Network Server","Yes",""
"DermCare Management","FL","Business Associate","1361735","05/02/2025","Hacking/IT Incident","Network Server","Yes",""
"Anesthesia Associates of Morristown, P.A.","NJ","Healthcare Provider","34675","05/02/2025","Improper Disposal","Paper/Films","Yes",""
"Canby Clinic","OR","Healthcare Provider","549","04/30/2025","Unauthorized Access/Disclosure","Email","No",""
"Berkeley Research Group, LLC","CA","Business Associate","500","04/30/2025","Hacking/IT Incident","Network Server","Yes",""
"Family Christian Health Center ","IL","Healthcare Provider","12500","04/30/2025","Hacking/IT Incident","Network Server","No",""
"Physician Wound Solutions, LLC dba Apollo Medical Supply","FL","Healthcare Provider","3561","04/29/2025","Unauthorized Access/Disclosure","Network Server","Yes",""
"Minnesota Epilepsy Group","MN","Healthcare Provider","38401","04/28/2025","Hacking/IT Incident","Network Server","No",""
"Ascension Health","MO","Healthcare Provider","437329","04/28/2025","Hacking/IT Incident","Network Server","No",""
"Carlton County Public Health and Human Services","MN","Healthcare Provider","3502","04/25/2025","Hacking/IT Incident","Email","No",""
"Brainard Surgery Center LLC","OH","Healthcare Provider","1820","04/24/2025","Hacking/IT Incident","Network Server","No",""
"Palo Verde Hospital","CA","Healthcare Provider","594","04/24/2025","Hacking/IT Incident","Network Server","No",""
"Drug and Alcohol Treatment Services, Inc.","PA","Healthcare Provider","22215","04/24/2025","Hacking/IT Incident","Network Server","No",""
"Cache Valley Ear Nose & Throat ","UT","Healthcare Provider","26469","04/24/2025","Hacking/IT Incident","Network Server","No",""
"Orthopaedic Specialists of Connecticut","CT","Healthcare Provider","22541","04/23/2025","Hacking/IT Incident","Network Server","No",""
"Icon Family Healthcare LLC","CA","Healthcare Provider","1800","04/22/2025","Unauthorized Access/Disclosure","Email","No",""
"HEALTH AND WELLNESS OF TEXAS","TX","Healthcare Provider","500","04/16/2025","Unauthorized Access/Disclosure","Electronic Medical Record, Email","No",""
"The City of Long Beach, CA","CA","Healthcare Provider","258191","04/14/2025","Hacking/IT Incident","Network Server","No",""
"Bell Ambulance, Inc.","WI","Healthcare Provider","237830","04/14/2025","Hacking/IT Incident","Network Server","No",""
"Health Care Service Corporation","IL","Health Plan","2944","04/13/2025","Unauthorized Access/Disclosure","Other","No",""
"Blue Cross and Blue Shield of Texas","IL","Health Plan","12086","04/13/2025","Unauthorized Access/Disclosure","Other","No",""
"Blue Cross and Blue Shield of Oklahoma","IL","Health Plan","1020","04/13/2025","Unauthorized Access/Disclosure","Other","No",""
"Blue Cross and Blue Shield of Illinois","IL","Health Plan","6903","04/13/2025","Unauthorized Access/Disclosure","Other","No",""
"Summit Healthcare Medical Associates","AZ","Healthcare Provider","1861","04/11/2025","Unauthorized Access/Disclosure","Electronic Medical Record","No",""
"Altior Healthcare, LLC","CA","Healthcare Provider","1002","04/11/2025","Hacking/IT Incident","Email","No",""
"Endue Software","ME","Business Associate","118028","04/11/2025","Hacking/IT Incident","Network Server","Yes",""
"The Gatesworth Senior Living St. Louis","MO","Healthcare Provider","31124","04/11/2025","Hacking/IT Incident","Network Server","No",""
"Parc Provence Memory Care Facility","MO","Healthcare Provider","13954","04/11/2025","Hacking/IT Incident","Network Server","No",""
"Kelly & Associates Insurance Group, Inc. ","MD","Business Associate","553332","04/09/2025","Hacking/IT Incident","Network Server","Yes",""
"Alabama Ophthalmology Associates","AL","Healthcare Provider","131576","04/08/2025","Hacking/IT Incident","Desktop Computer, Network Server","No",""
"Friendship House, Inc.","NE","Healthcare Provider","501","04/04/2025","Hacking/IT Incident","Network Server","No",""
"Loretto Hospital ","IL","Healthcare Provider","501","04/04/2025","Hacking/IT Incident","Network Server","No",""
"Newburgh Healthcare Residential Center, Inc.","IN","Healthcare Provider","700","04/04/2025","Hacking/IT Incident","Network Server","No",""
"Dallas County MHMR dba Metrocare Services","TX","Healthcare Provider","553","04/03/2025","Unauthorized Access/Disclosure","Email, Network Server","No",""
"Hamilton County Government","TN","Healthcare Provider","14081","04/03/2025","Hacking/IT Incident","Network Server","Yes",""
"Dameron Hospital","CA","Healthcare Provider","210706","04/02/2025","Hacking/IT Incident","Network Server","No",""
"Allegany Council on Alcoholism & Substance Abuse, Inc.","NY","Healthcare Provider","696","04/02/2025","Hacking/IT Incident","Email","No",""
"Health Services LLC","OH","Healthcare Provider","75906","04/01/2025","Hacking/IT Incident","Network Server","No",""
"Central District Health Department of Nebraska","NE","Healthcare Provider","58519","04/01/2025","Hacking/IT Incident","Network Server","No",""
"Family Centers, Inc.","CT","Healthcare Provider","12142","03/31/2025","Hacking/IT Incident","Network Server","No",""
"Willamette Family, Inc.","OR","Healthcare Provider","3899","03/31/2025","Hacking/IT Incident","Email","No",""
"North Hudson Community Action Corporation","NJ","Healthcare Provider","6595","03/28/2025","Hacking/IT Incident","Network Server","No",""
"Community Dental Care, Inc.  ","MN","Healthcare Provider","134903","03/28/2025","Hacking/IT Incident","Network Server","No",""
"Baptist Hospitals of Southeast Texas","TX","Healthcare Provider","501","03/28/2025","Hacking/IT Incident","Network Server","No",""
"Frederick Health","MD","Healthcare Provider","934326","03/28/2025","Hacking/IT Incident","Network Server","No",""
"SimonMed Imaging","AZ","Healthcare Provider","1275669","03/27/2025","Hacking/IT Incident","Network Server","No",""
"Concord Orthopaedics","NH","Healthcare Provider","72815","03/25/2025","Hacking/IT Incident","Network Server","No",""
"James J. Lynch, MD Ltd. dba Swift Institute","NV","Healthcare Provider","13430","03/25/2025","Hacking/IT Incident","Network Server","No",""
"Bigfork Valley Hospital","MN","Healthcare Provider","8496","03/25/2025","Hacking/IT Incident","Email","No",""
"MedicareCompareUSA","WA","Business Associate","5782","03/21/2025","Hacking/IT Incident","Email","Yes",""
"MedRevenu, LLC","CA","Business Associate","17775","03/21/2025","Hacking/IT Incident","Network Server","Yes",""
"Mid Florida Primary Care, PA ","FL","Healthcare Provider","16435","03/21/2025","Hacking/IT Incident","Network Server","No",""
"AmeriHealth Caritas Louisiana ","LA","Health Plan","1552","03/21/2025","Unauthorized Access/Disclosure","Network Server, Other","No",""
"Fyzical Acquisition Holdings, LLC","FL","Business Associate","43045","03/21/2025","Hacking/IT Incident","Email","Yes",""
"Millennium Home Health Care","OK","Healthcare Provider","4743","03/19/2025","Hacking/IT Incident","Network Server","No",""
"Presbyterian Health Plan","NM","Health Plan","7100","03/18/2025","Hacking/IT Incident","Email","No",""
"Lena Pope Home Inc.","TX","Healthcare Provider","3194","03/17/2025","Hacking/IT Incident","Email","No",""
"Klickitat Valley Health","WA","Healthcare Provider","26339","03/14/2025","Hacking/IT Incident","Network Server","No",""
"Welts, White, & Fontaine PC","NH","Business Associate","500","03/14/2025","Hacking/IT Incident","Network Server","Yes",""
"CDHA Management, LLC and Spark DSO, LLC dba Chord Specialty Dental Partners","TN","Healthcare Provider","173430","03/14/2025","Hacking/IT Incident","Email","No",""
"Baylor Scott & White Texas Spine & Joint Hospital","TX","Healthcare Provider","1640","03/14/2025","Hacking/IT Incident","Email","No",""
"Columbia Eye Clinic ","SC","Healthcare Provider","500","03/14/2025","Hacking/IT Incident","Network Server","No",""
"Nice Healthcare Management Company, Inc","MN","Healthcare Provider","10000","03/10/2025","Hacking/IT Incident","Network Server","Yes",""
"SCLARC","CA","Business Associate","722","03/06/2025","Theft","Laptop, Other Portable Electronic Device, Paper/Films","Yes",""
"Fort Wayne Medical Education Program ","IN","Healthcare Provider","28502","03/06/2025","Hacking/IT Incident","Network Server","No",""
"Madison County, MS ","MS","Health Plan","6082","03/05/2025","Hacking/IT Incident","Email","No",""
"Hillcrest Convalescent Center, Inc. ","NC","Healthcare Provider","106194","03/04/2025","Hacking/IT Incident","Network Server","No",""
"Manchester Rehabilitation and Healthcare Center","CT","Healthcare Provider","5415","03/03/2025","Hacking/IT Incident","Network Server","No",""
"Community Care Alliance","RI","Healthcare Provider","114975","03/01/2025","Hacking/IT Incident","Network Server","No",""
"Total Medical Imaging ","FL","Healthcare Provider","27000","02/28/2025","Unauthorized Access/Disclosure","Network Server","Yes",""
"Gaylord Hospital, Inc ","CT","Healthcare Provider","62232","02/28/2025","Hacking/IT Incident","Network Server","No",""
"Southeast Series of Lockton Companies, LLC (Lockton)","GA","Business Associate","1124727","02/28/2025","Hacking/IT Incident","Network Server","Yes",""
"Kronick Moskovitz Tiedemann & Girard","CA","Business Associate","2511","02/28/2025","Hacking/IT Incident","Network Server","Yes",""
"CEI Vision Partners, LLC","MO","Business Associate","10841","02/28/2025","Hacking/IT Incident","Network Server","Yes",""
"East Hawaii Rehab, Inc. DBA Lehua Physical Therapy and Rehab","HI","Healthcare Provider","8472","02/28/2025","Theft","Other, Other Portable Electronic Device, Paper/Films","No",""
"Lake Washington Vascular","WA","Healthcare Provider","21534","02/25/2025","Hacking/IT Incident","Network Server","No",""
"Consultants in Pain Medicine","TX","Healthcare Provider","1124","02/16/2025","Hacking/IT Incident","Network Server","No",""
"Spring Management OK, LLC","OK","Business Associate","2494","02/14/2025","Hacking/IT Incident","Network Server","Yes",""
"Restorix Health, Inc.","LA","Business Associate","38553","02/14/2025","Unauthorized Access/Disclosure","Email","Yes",""
"Cornerstones of Care","MO","Healthcare Provider","2771","02/14/2025","Hacking/IT Incident","Email","No",""
"Children's Dental Center at Preston Trail, P.C. d/b/a Park Place Pediatric Dentistry (Arlington, TX) ","TN","Healthcare Provider","1690","02/14/2025","Theft","Laptop","No",""
"Somnia, Inc.","NY","Business Associate","19069","02/14/2025","Hacking/IT Incident","Email","Yes",""
"UNITED BACKCARE PS dba Pacific Rehabilitation Centers","WA","Healthcare Provider","18900","02/11/2025","Hacking/IT Incident","Network Server","No",""
"Columbus Division of Fire","OH","Healthcare Provider","736","02/10/2025","Hacking/IT Incident","Network Server","No",""
"CPS Solutions, LLC","OH","Business Associate","500","02/10/2025","Hacking/IT Incident","Email","Yes",""
"U.S. HEALTHWORKS-SMMPP, L.C.","AZ","Business Associate","10673","02/06/2025","Hacking/IT Incident","Network Server","Yes",""
"Primary Health-SMMPP, L.C.","AZ","Business Associate","67567","02/06/2025","Hacking/IT Incident","Network Server","Yes",""
"St. Marys NDS LLC","AZ","Business Associate","11715","02/06/2025","Hacking/IT Incident","Network Server","Yes",""
"VectraRx Mail Pharmacy Services, LLC","AZ","Healthcare Provider","109383","02/06/2025","Hacking/IT Incident","Network Server","No",""
"Escambia Community Clinics, Inc. dba Community Health Northwest Florida ","FL","Healthcare Provider","143969","02/03/2025","Hacking/IT Incident","Network Server","No",""
"ARC Community Services, Inc.","WI","Healthcare Provider","501","02/02/2025","Hacking/IT Incident","Network Server","No",""
"Primary Health Services Center, Inc.","LA","Healthcare Provider","17202","02/02/2025","Hacking/IT Incident","Network Server","No",""
"PIH Health, Inc.","CA","Healthcare Provider","2947264","01/31/2025","Hacking/IT Incident","Network Server","No",""
"Mental Health Association Inc. ","MA","Healthcare Provider","12633","01/31/2025","Unauthorized Access/Disclosure","Network Server","No",""
"Methodist Homes of Alabama and Northwest Florida","AL","Healthcare Provider","908","01/30/2025","Hacking/IT Incident","Network Server","No",""
"Community Health Center, Inc.","CT","Healthcare Provider","1060936","01/30/2025","Hacking/IT Incident","Electronic Medical Record, Network Server","No",""
"Spring River Mental Health & Wellness","KS","Healthcare Provider","3250","01/24/2025","Hacking/IT Incident","Network Server","No",""
"Benefits Management Group, Inc. ","IL","Business Associate","501","01/24/2025","Hacking/IT Incident","Network Server","Yes",""
"Aprendamos Intervention Team, P.A.","NM","Healthcare Provider","1916","01/23/2025","Unauthorized Access/Disclosure","Email","No",""
"Inlet Health dba Communicare ","KY","Healthcare Provider","3771","01/22/2025","Hacking/IT Incident","Network Server","No",""
"Apex Custom Software","TX","Business Associate","1500","01/22/2025","Hacking/IT Incident","Network Server","Yes",""
"University Diagnostic Medical Imaging, PC","NY","Healthcare Provider","138080","01/21/2025","Hacking/IT Incident","Network Server","No",""
"Holdrege Memorial Homes, Inc. ","NE","Healthcare Provider","1446","01/20/2025","Hacking/IT Incident","Network Server","No",""
"Behavioral Health Resources","WA","Healthcare Provider","49213","01/17/2025","Hacking/IT Incident","Network Server","No",""
"Allegheny Health Network Home Medical Equipment LLC and Allegheny Health Network Home Infusion LLC","PA","Healthcare Provider","292773","01/17/2025","Hacking/IT Incident","Network Server","Yes",""
"Asheville Eye Associates, PLLC","NC","Healthcare Provider","204984","01/17/2025","Hacking/IT Incident","Network Server","No",""
"Alpine Ears, Nose & Throat, P.L.L.C.","CO","Healthcare Provider","65648","01/17/2025","Unauthorized Access/Disclosure","Network Server","No",""
"Community Treatment Solutions","NJ","Healthcare Provider","950","01/16/2025","Hacking/IT Incident","Network Server","No",""
"Mid America Physician Services ","KS","Healthcare Provider","104513","01/13/2025","Hacking/IT Incident","Network Server","No",""
"Samaritan Counseling Center of the Fox Valley","WI","Healthcare Provider","956","01/10/2025","Hacking/IT Incident","Email","No",""
"BayMark Health Services, Inc.","TX","Business Associate","3170","01/08/2025","Hacking/IT Incident","Network Server","Yes",""
"Medusind Inc.","FL","Business Associate","701475","01/07/2025","Hacking/IT Incident","Network Server","Yes",""
"Pediatric Home Respiratory Services, LLC d/b/a Pediatric Home Service","MN","Healthcare Provider","41792","01/06/2025","Hacking/IT Incident","Network Server","No",""
"North Los Angeles County Regional Center","CA","Business Associate","500","01/06/2025","Hacking/IT Incident","Network Server","Yes",""
"Ingham County Medical Care Facility, d/b/a Dobie Road","MI","Healthcare Provider","3078","01/05/2025","Hacking/IT Incident","Electronic Medical Record","Yes",""
"Buffalo Surgery Center","NY","Healthcare Provider","64000","01/04/2025","Hacking/IT Incident","Network Server","No",""
"The Plastic Surgery Center","NJ","Healthcare Provider","64813","01/03/2025","Hacking/IT Incident","Network Server","No",""
"Watsonville Community Hospital","CA","Healthcare Provider","30312","12/31/2024","Hacking/IT Incident","Network Server","No",""
"Legacy Treatment Services, Inc.","NJ","Healthcare Provider","29898","12/31/2024","Hacking/IT Incident","Network Server","No",""
"Omaha Surgical Center","NE","Healthcare Provider","1110","12/30/2024","Hacking/IT Incident","Email","No",""
"Dragonfly Health","AZ","Business Associate","501","12/27/2024","Hacking/IT Incident","Email","Yes",""
"Polaris Endeavors","FL","Healthcare Provider","4552","12/24/2024","Hacking/IT Incident","Network Server","No",""
"Khalil Foundation (DBA Khalil Center)","IL","Healthcare Provider","1153","12/22/2024","Unauthorized Access/Disclosure","Network Server","No",""
"Effortless Office Enterprises, LLC","NV","Business Associate","3112","12/20/2024","Hacking/IT Incident","Network Server","Yes",""
"HealthEquity, Inc.","UT","Business Associate","1549","12/20/2024","Hacking/IT Incident","Network Server","Yes",""
"PracticeSuite, Inc.","FL","Business Associate","13000","12/17/2024","Hacking/IT Incident","Network Server","Yes",""
"Kitsap Mental Health Services","WA","Healthcare Provider","500","12/16/2024","Hacking/IT Incident","Network Server","No",""
"Teton Orthopaedics","PA","Healthcare Provider","13409","12/16/2024","Hacking/IT Incident","Network Server","No",""
"El Paso Healthcare System, Ltd. d/b/a Las Palmas Del Sol Healthcare","TX","Healthcare Provider","1854","12/11/2024","Unauthorized Access/Disclosure","Electronic Medical Record","No",""
"Community Connections ","DC","Healthcare Provider","18949","12/11/2024","Hacking/IT Incident","Network Server","No",""
"River Region Cardiology","AL","Healthcare Provider","48600","12/11/2024","Hacking/IT Incident","Network Server","No",""
"Texas Tech University Health Sciences Center El Paso","TX","Healthcare Provider","815000","11/25/2024","Hacking/IT Incident","Network Server","No",""
"Texas Tech University Health Sciences Center","TX","Healthcare Provider","650000","11/25/2024","Hacking/IT Incident","Network Server","No",""
"Citadel of Northbrook","IL","Healthcare Provider","2155","11/25/2024","Hacking/IT Incident","Electronic Medical Record, Network Server","Yes",""
"American Addiction Centers, Inc.","TN","Business Associate","410747","11/25/2024","Hacking/IT Incident","Network Server","Yes",""
"Conceptions Reproductive Associates of Colorado","CO","Healthcare Provider","80000","11/25/2024","Hacking/IT Incident","Network Server","No",""
"East Central Missouri Behavioral Health Services, Inc.","MO","Healthcare Provider","20000","11/21/2024","Hacking/IT Incident","Network Server","No",""
"Laboratory Services Cooperative ","WA","Healthcare Provider","501","11/20/2024","Hacking/IT Incident","Network Server","No",""
"Terrace of Hialeah","FL","Healthcare Provider","1177","11/18/2024","Hacking/IT Incident","Network Server","Yes",""
"Dolton Nursing & Rehab, LLC","IL","Healthcare Provider","1559","11/18/2024","Hacking/IT Incident","Electronic Medical Record, Network Server","Yes",""
"ESHA, Inc.","TX","Business Associate","76922","11/15/2024","Hacking/IT Incident","Network Server","Yes",""
"ASPEN HEALTHCARE SERVICES INC","TX","Healthcare Provider","7195","11/15/2024","Hacking/IT Incident","Electronic Medical Record","No",""
"Rocky Mountain Gastroenterology Associates PLLC ","CO","Healthcare Provider","366491","11/13/2024","Hacking/IT Incident","Network Server","No",""
"Radiologic Medical Services, P.C.","IA","Healthcare Provider","56902","11/12/2024","Hacking/IT Incident","Email","No",""
"Humboldt Independent Practice Association (Humboldt IPA)","CA","Healthcare Provider","500","11/11/2024","Hacking/IT Incident","Email","No",""
"Huron Inc. Health Plan","MI","Health Plan","750","11/08/2024","Unauthorized Access/Disclosure","Network Server","No",""
"Great Plains Regional Medical Center","OK","Healthcare Provider","133149","11/07/2024","Hacking/IT Incident","Network Server","No",""
"Mohawk Valley Cardiology, P.C.","NY","Healthcare Provider","4973","11/04/2024","Unauthorized Access/Disclosure","Other","No",""
"Northeast Professional Home Care, Inc.","OH","Healthcare Provider","648","11/01/2024","Hacking/IT Incident","Email","No",""
"Brain & Eye Connection Vision Clinic, PC","OK","Healthcare Provider","2207","11/01/2024","Hacking/IT Incident","Network Server","No",""
"Hawaii Radiologic Associates, Ltd. ","HI","Healthcare Provider","23205","10/25/2024","Hacking/IT Incident","Network Server","No",""
"Gandara Mental Health Center ","MA","Healthcare Provider","20024","10/24/2024","Hacking/IT Incident","Network Server","No",""
"Mystic Valley Elder Services - Business Associate","MA","Business Associate","2402","10/22/2024","Hacking/IT Incident","Network Server","Yes",""
"Clay Platte Family Medicine","MO","Healthcare Provider","53916","10/18/2024","Hacking/IT Incident","Network Server","No",""
"Advanced Recovery Equipment & Supplies, LLC","NY","Healthcare Provider","56000","10/18/2024","Hacking/IT Incident","Network Server","No",""
"Detroit Wayne Integrated Health Network","MI","Healthcare Provider","3347","10/18/2024","Hacking/IT Incident","Laptop","No",""
"RRCA Accounts Management Inc.","IL","Business Associate","115837","10/18/2024","Hacking/IT Incident","Desktop Computer, Network Server","Yes",""
"Summit Pathology and Summit Pathology Laboratories, Inc.","CO","Healthcare Provider","1813538","10/18/2024","Hacking/IT Incident","Network Server","No",""
"Ad Valorem Records, Inc. ","TN","Business Associate","590","10/11/2024","Unauthorized Access/Disclosure","Paper/Films","Yes",""
"Wilmington Community Clinic","CA","Healthcare Provider","11601","10/11/2024","Hacking/IT Incident","Network Server","No",""
"TheraCom, L.L.C.","PA","Healthcare Provider","9271","10/08/2024","Hacking/IT Incident","Network Server","No",""
"Schneider Regional Medical Center","","Healthcare Provider","1570","10/07/2024","Hacking/IT Incident","Network Server","No",""
"Ciox Health LLC, d/b/a Datavant Group","AZ","Business Associate","320702","10/07/2024","Hacking/IT Incident","Email","Yes",""
"ATSG, Inc","NY","Business Associate","909469","10/04/2024","Hacking/IT Incident","Network Server","Yes",""
"Muskogee City County Enhanced 911 Trust Authority","OK","Business Associate","180000","09/20/2024","Hacking/IT Incident","Network Server","Yes",""
"Jacobsen Construction Co., Inc. Health Plan","UT","Health Plan","2127","09/20/2024","Hacking/IT Incident","Network Server","No",""
"Southern Bone & Joint Specialists, PA (“Southern Bone”)","MS","Healthcare Provider","7162","09/17/2024","Hacking/IT Incident","Email","No",""
"Maryville Academy","IL","Healthcare Provider","500","09/13/2024","Hacking/IT Incident","Network Server","No",""
"Nationwide Recovery Services, Inc.","GA","Business Associate","501","09/09/2024","Hacking/IT Incident","Network Server","Yes",""
"Welcome Health","CA","Healthcare Provider","597","09/06/2024","Hacking/IT Incident","Email","No",""
"CODAC Inc dba CODAC Behavioral Health and CODAC Healthcare, LLC","RI","Healthcare Provider","9592","08/27/2024","Hacking/IT Incident","Network Server","No",""
"Blue Cross and Blue Shield of North Carolina","NC","Business Associate","972","08/27/2024","Hacking/IT Incident","Network Server","Yes",""
"Pomona Community Health Center dba ParkTree Community Health Center","CA","Healthcare Provider","40964","08/21/2024","Hacking/IT Incident","Network Server","No",""
"Excelsior Orthopaedics, LLC","NY","Healthcare Provider","292913","08/21/2024","Hacking/IT Incident","Network Server","No",""
"VeriSource Services, Inc.","TX","Business Associate","112726","08/20/2024","Hacking/IT Incident","Network Server","Yes",""
"Acadian Ambulance Service, Inc. ","LA","Healthcare Provider","2896985","08/20/2024","Hacking/IT Incident","Network Server","No",""
"Contents Trader, Inc.","TX","Healthcare Provider","27329","08/20/2024","Unauthorized Access/Disclosure","Network Server","No",""
"Kerber, Eck & Braeckel LLP","IL","Business Associate","134918","08/16/2024","Hacking/IT Incident","Network Server","Yes",""
"Specialty Networks, Inc. ","TN","Business Associate","411037","08/15/2024","Hacking/IT Incident","Network Server","Yes",""
"HealthEquity, Inc.","UT","Business Associate","4300000","08/09/2024","Hacking/IT Incident","Network Server","Yes",""
"Pemiscot Memorial Health System","MO","Healthcare Provider","33279","08/09/2024","Unauthorized Access/Disclosure","Electronic Medical Record","No",""
"Calibrated Healthcare, LLC","CA","Business Associate","6890","08/02/2024","Hacking/IT Incident","Network Server","Yes",""
"Wayne Memorial Hospital","GA","Healthcare Provider","2500","08/02/2024","Hacking/IT Incident","Network Server","No",""
"Roseland Community Hospital Association","IL","Healthcare Provider","500","08/01/2024","Hacking/IT Incident","Network Server","No",""
"Frilot L.L.C.","LA","Business Associate","1448","08/01/2024","Hacking/IT Incident","Network Server","Yes",""
"Deer Oaks Behavioral Health ","TX","Healthcare Provider","171871","07/31/2024","Hacking/IT Incident","Network Server","No",""
"Delta County Memorial Hospital District (Delta Health)","CO","Healthcare Provider","148363","07/29/2024","Hacking/IT Incident","Network Server","No",""
"United of Omaha Life Insurance Company","NE","Health Plan","107894","07/26/2024","Hacking/IT Incident","Email","No",""
"Surgery Center of Mid Florida","FL","Healthcare Provider","48684","07/24/2024","Hacking/IT Incident","Network Server","No",""
"Sutton Dental Arts","OR","Healthcare Provider","4109","07/22/2024","Hacking/IT Incident","Network Server","No",""
"EMS Department for the Kansas City, Kansas Fire Department   ","KS","Healthcare Provider","501","07/20/2024","Hacking/IT Incident","Network Server","No",""
"Community Counseling of Bristol County, Inc.","MA","Healthcare Provider","44991","07/19/2024","Hacking/IT Incident","Network Server","No",""
"Change Healthcare, Inc.","MN","Business Associate","192700000","07/19/2024","Hacking/IT Incident","Network Server","Yes",""
"Regional Obstetrical Consultants PC","TN","Healthcare Provider","25650","07/02/2024","Hacking/IT Incident","Network Server","No",""
"Georgia Kidney Associates, Inc.","GA","Healthcare Provider","9940","06/28/2024","Theft","Other","No",""
"Medical Express Ambulance Inc.  D/B/A Medex Ambulance","IL","Healthcare Provider","121190","05/02/2024","Hacking/IT Incident","Network Server","No",""
"Kootenai Health","ID","Healthcare Provider","464088","04/24/2024","Hacking/IT Incident","Network Server","No",""
"Cumberland Heights Foundation, Inc. ","TN","Healthcare Provider","5078","04/19/2024","Hacking/IT Incident","Email","No",""
"Delta Health System","MS","Healthcare Provider","216532","03/29/2024","Hacking/IT Incident","Network Server","No",""
"Bradford Health Services, LLC ","AL","Healthcare Provider","28543","02/06/2024","Hacking/IT Incident","Network Server","No",""
"Community Dental","ME","Healthcare Provider","1523","11/17/2023","Hacking/IT Incident","Network Server","No",""
"Claxton-Hepburn Medical Center","NY","Healthcare Provider","757","11/02/2023","Hacking/IT Incident","Network Server","No",""
"Premier Health Partners and wholly owned covered entities listed in description section below","OH","Healthcare Provider","10833","10/12/2023","Hacking/IT Incident","Network Server","No",""
